Name,Jersey Number,Club,Position,Nationality,Age,Appearances,Wins,Losses,Goals,Goals per match,Headed goals,Goals with right foot,Goals with left foot,Penalties scored,Freekicks scored,Shots,Shots on target,Shooting accuracy %,Hit woodwork,Big chances missed,Clean sheets,Goals conceded,Tackles,Tackle success %,Last man tackles,Blocked shots,Interceptions,Clearances,Headed Clearance,Clearances off line,Recoveries,Duels won,Duels lost,Successful 50/50s,Aerial battles won,Aerial battles lost,Own goals,Errors leading to goal,Assists,Passes,Passes per match,Big chances created,Crosses,Cross accuracy %,Through balls,Accurate long balls,Saves,Penalties saved,Punches,High Claims,Catches,Sweeper clearances,Throw outs,Goal Kicks,Yellow cards,Red cards,Fouls,Offsides
Bernd Leno,1,Arsenal,Goalkeeper,Germany,28,64,28,16,0,,,,,,,,,,,,14,82,,,,,,,,,,,,,,,0,7,0,1783,27.86,,,,,234,222,1,34,26,17,28,375,489,2,0,0,
Matt Macey,33,Arsenal,Goalkeeper,England,26,0,0,0,0,,,,,,,,,,,,0,0,,,,,,,,,,,,,,,0,0,0,0,0.0,,,,,0,0,0,0,0,0,0,0,0,0,0,0,
Rúnar Alex Rúnarsson,13,Arsenal,Goalkeeper,Iceland,25,0,0,0,0,,,,,,,,,,,,0,0,,,,,,,,,,,,,,,0,0,0,0,0.0,,,,,0,0,0,0,0,0,0,0,0,0,0,0,
Héctor Bellerín,2,Arsenal,Defender,Spain,25,160,90,37,7,,0,4,3,,,,,,3,,53,166,214,78%,1,32,208,304,143,3,732,611,709,196,161,215,1,1,18,7125,44.53,28,389,16%,31,144,,,,,,,,,23,0,125,8
Kieran Tierney,3,Arsenal,Defender,Scotland,23,16,7,5,1,,0,0,1,,,,,,0,,2,16,21,81%,0,1,12,32,12,0,63,55,38,12,10,16,0,0,1,519,32.44,1,45,18%,0,22,,,,,,,,,2,0,9,0
William Saliba,4,Arsenal,Defender,France,19,0,0,0,0,,0,0,0,,,,,,0,,0,0,0,0%,0,0,0,0,0,0,0,0,0,0,0,0,0,0,0,0,0.0,0,0,0%,0,0,,,,,,,,,0,0,0,0
Sokratis,5,Arsenal,Defender,Greece,32,44,21,11,3,,1,2,0,,,,,,1,,9,58,67,61%,1,4,43,175,82,1,173,227,160,11,115,73,0,1,2,2416,54.91,4,1,1%,2,172,,,,,,,,,18,0,56,1
Rob Holding,16,Arsenal,Defender,England,25,41,25,9,0,,0,0,0,,,,,,0,,10,45,50,70%,1,3,54,170,92,0,192,176,142,19,96,64,0,0,0,2200,53.66,0,3,67%,1,116,,,,,,,,,8,0,32,0
Shkodran Mustafi,20,Arsenal,Defender,Germany,28,99,52,26,7,,6,1,0,,,,,,2,,26,117,197,73%,2,14,195,531,345,2,455,670,416,26,413,218,0,3,4,5907,59.67,5,45,20%,13,273,,,,,,,,,28,0,117,7
Calum Chambers,21,Arsenal,Defender,England,25,139,47,57,6,,1,4,1,,,,,,1,,28,170,257,70%,1,22,247,537,301,1,735,703,619,93,301,240,1,1,3,5935,42.7,9,210,18%,4,304,,,,,,,,,28,1,137,2
David Luiz,23,Arsenal,Defender,Brazil,33,194,113,38,13,,6,6,1,,,,,,5,,64,173,240,74%,4,59,344,832,443,2,1042,846,680,80,344,256,1,4,7,10165,52.4,22,67,28%,79,980,,,,,,,,,40,3,212,5
Sead Kolasinac,31,Arsenal,Defender,Bosnia And Herzegovina,27,78,40,22,2,,0,0,2,,,,,,1,,17,86,112,66%,0,11,72,111,68,0,365,284,264,41,97,80,0,1,11,3201,41.04,18,123,20%,3,67,,,,,,,,,12,0,74,16
Gabriel Magalhães,6,Arsenal,Defender,Brazil,22,2,2,0,1,,0,0,0,,,,,,0,,1,1,2,2%,0,0,2,8,7,1,6,8,7,0,4,3,0,0,0,197,98.5,0,0,0%,0,6,,,,,,,,,0,0,3,0
Mesut Özil,10,Arsenal,Midfielder,Germany,31,184,100,39,33,0.18,4,4,25,0,1,205,92,45%,7,26,,,161,68%,,58,75,37,13,,778,625,744,248,28,83,,2,54,11186,60.79,65,834,35%,121,276,,,,,,,,,13,0,95,83
Lucas Torreira,11,Arsenal,Midfielder,Uruguay,24,63,28,15,3,0.05,0,3,0,0,0,46,12,26%,1,1,,,96,57%,,10,75,53,22,,327,276,212,30,32,47,,0,3,2493,39.57,3,40,28%,4,94,,,,,,,,,14,1,62,0
Ainsley Maitland-Niles,15,Arsenal,Midfielder,England,23,54,26,16,1,0.02,0,1,0,0,0,14,4,29%,1,1,,,101,62%,,3,62,66,29,,223,218,207,58,29,38,,0,3,1867,34.57,4,57,21%,2,74,,,,,,,,,6,2,35,1
Mohamed Elneny,25,Arsenal,Midfielder,Egypt,28,47,29,10,0,47.0,0,0,0,0,0,44,5,11%,0,2,,,57,54%,,22,41,41,15,,211,109,107,11,18,34,,0,3,2532,53.87,2,30,13%,4,83,,,,,,,,,7,1,24,2
Joseph Willock,28,Arsenal,Midfielder,England,21,33,12,12,1,0.03,0,1,0,0,0,18,5,28%,0,2,,,30,60%,,4,6,10,4,,64,75,76,21,9,18,,0,1,398,12.06,1,9,22%,3,15,,,,,,,,,2,0,13,0
Matteo Guendouzi,29,Arsenal,Midfielder,France,21,57,24,17,0,57.0,0,0,0,0,0,27,9,33%,1,1,,,75,56%,,11,59,58,29,,284,263,217,47,31,40,,1,1,2750,48.25,4,21,10%,16,148,,,,,,,,,15,0,41,0
Emile Smith Rowe,32,Arsenal,Midfielder,England,20,2,0,1,0,2.0,0,0,0,0,0,0,0,0%,0,0,,,1,100%,,0,1,2,2,,5,4,4,2,0,0,,0,0,35,17.5,0,1,1%,0,0,,,,,,,,,0,0,0,0
Granit Xhaka,34,Arsenal,Midfielder,Switzerland,27,132,70,33,8,0.06,0,0,8,0,2,144,41,28%,2,1,,,254,66%,,40,133,208,129,,885,650,607,69,181,173,,7,13,9739,73.78,12,274,25%,35,673,,,,,,,,,35,2,196,2
Bukayo Saka,7,Arsenal,Midfielder,England,19,28,11,7,1,0.04,0,0,1,0,0,15,4,27%,1,1,,,36,,,5,12,12,7,,,,,,,,,,5,716,25.57,6,69,,,,,,,,,,,,6,0,22,13
Dani Ceballos,8,Arsenal,Midfielder,Spain,24,26,14,6,0,26.0,0,0,0,0,0,14,3,21%,0,0,,,49,51%,,6,37,14,9,,163,127,129,30,12,26,,0,3,1372,52.77,2,71,14%,7,81,,,,,,,,,1,0,21,0
Alexandre Lacazette,9,Arsenal,Forward,France,29,99,46,28,39,0.39,4,30,5,2,1,204,93,46%,4,31,,,92,,,44,30,49,35,,,,,,,,,,16,2045,20.66,15,60,,,,,,,,,,,,11,0,127,62
Pierre-Emerick Aubameyang,14,Arsenal,Forward,Gabon,31,87,43,25,55,0.63,3,44,8,7,1,222,105,47%,8,39,,,58,,,52,25,38,12,,,,,,,,,,13,1880,21.61,17,155,,,,,,,,,,,,4,1,30,55
Nicolas Pépé,19,Arsenal,Forward,Cote D'Ivoire,25,33,15,9,5,0.15,0,0,5,1,0,51,18,35%,3,2,,,32,,,14,8,4,2,,,,,,,,,,6,723,21.91,8,113,,,,,,,,,,,,4,0,14,4
Reiss Nelson,24,Arsenal,Forward,England,20,20,10,5,1,0.05,0,1,0,0,0,13,4,31%,0,0,,,15,,,5,6,2,0,,,,,,,,,,0,286,14.3,0,25,,,,,,,,,,,,1,0,8,4
Eddie Nketiah,30,Arsenal,Forward,England,21,23,12,8,4,0.17,0,2,2,0,0,20,8,40%,4,3,,,9,,,4,2,6,2,,,,,,,,,,0,172,7.48,1,1,,,,,,,,,,,,0,1,18,5
Gabriel Martinelli,35,Arsenal,Forward,Brazil,19,14,3,3,3,0.21,0,3,0,0,0,12,5,42%,0,1,,,20,75%,,2,3,5,4,,34,46,92,9,8,37,,0,0,116,8.29,0,22,22%,1,2,,,,,,,,,1,0,9,2
Willian,12,Arsenal,Forward,Brazil,32,236,137,47,37,0.16,1,33,3,5,4,393,145,37%,15,20,,,246,,,111,100,54,24,,,,,,,,,,35,8290,35.13,51,1009,,,,,,,,,,,,21,1,131,33
Tom Heaton,1,Aston-Villa,Goalkeeper,England,34,116,34,55,0,,,,,,,,,,,,28,167,,,,,,,,,,,,,,,2,3,0,3290,28.36,,,,,1067,408,3,40,96,73,53,436,1023,5,0,2,
Jed Steer,12,Aston-Villa,Goalkeeper,England,28,2,0,2,0,,,,,,,,,,,,0,1,,,,,,,,,,,,,,,0,0,0,32,16.0,,,,,6,2,0,0,1,0,2,8,5,0,0,0,
Ørjan Nyland,25,Aston-Villa,Goalkeeper,Norway,30,7,1,4,0,,,,,,,,,,,,1,12,,,,,,,,,,,,,,,0,0,0,152,21.71,,,,,35,15,0,1,3,2,0,29,53,0,0,0,
Lovre Kalinic,28,Aston-Villa,Goalkeeper,Croatia,30,0,0,0,0,,,,,,,,,,,,0,0,,,,,,,,,,,,,,,0,0,0,0,0.0,,,,,0,0,0,0,0,0,0,0,0,0,0,0,
Emiliano Martínez,26,Aston-Villa,Goalkeeper,Argentina,28,16,9,6,0,,,,,,,,,,,,7,16,,,,,,,,,,,,,,,0,0,0,397,24.81,,,,,62,44,1,2,22,6,4,86,103,2,0,1,
Neil Taylor,3,Aston-Villa,Defender,Wales,31,145,48,62,0,,0,0,0,,,,,,0,,38,190,266,76%,1,14,241,350,133,1,614,493,454,46,94,142,1,0,5,5491,37.87,6,255,22%,5,214,,,,,,,,,21,0,121,3
Ezri Konsa Ngoyo,4,Aston-Villa,Defender,England,22,26,8,12,2,,1,1,0,,,,,,0,,5,39,19,53%,0,3,27,70,26,0,106,116,81,7,56,48,0,1,2,810,31.15,2,13,46%,0,36,,,,,,,,,3,0,17,1
Matt Targett,18,Aston-Villa,Defender,England,25,72,24,28,2,,1,0,1,,,,,,1,,12,88,122,66%,0,8,124,156,61,1,297,274,239,21,84,84,0,1,6,2240,31.11,13,250,26%,8,140,,,,,,,,,8,0,41,2
Björn Engels,22,Aston-Villa,Defender,Belgium,26,17,3,12,1,,1,0,0,,,,,,0,,2,32,11,55%,0,0,28,85,42,0,53,71,39,1,55,27,0,1,0,647,38.06,0,2,50%,0,49,,,,,,,,,1,0,5,1
Frédéric Guilbert,24,Aston-Villa,Defender,France,25,25,7,13,0,,0,0,0,,,,,,0,,2,36,74,58%,0,2,49,62,26,0,104,164,172,23,48,68,0,0,2,749,29.96,1,91,16%,0,40,,,,,,,,,7,0,36,2
Ahmed El Mohamady,27,Aston-Villa,Defender,Egypt,33,183,48,91,6,,4,2,0,,,,,,4,,28,237,267,77%,0,19,246,342,162,5,909,960,866,128,444,410,1,1,13,6628,36.22,19,916,21%,7,304,,,,,,,,,12,1,152,13
Kortney Hause,30,Aston-Villa,Defender,England,25,18,3,11,1,0.06,0,1,0,0,0,20,3,15%,0,3,,,21,43%,,2,20,94,51,,109,138,77,9,100,35,,1,0,799,44.39,1,0,0%,1,62,,,,,,,,,3,0,24,1
Tyrone Mings,5,Aston-Villa,Defender,England,27,51,13,27,2,,0,0,2,,,,,,0,,7,78,30,83%,1,1,49,253,111,3,270,162,113,18,96,69,2,2,3,1961,38.45,2,10,40%,0,155,,,,,,,,,8,0,30,2
Matthew Cash,2,Aston-Villa,Defender,England,23,1,1,0,0,,0,0,0,,,,,,0,,1,0,1,1%,0,2,2,4,1,0,5,1,2,0,0,2,0,0,0,56,56.0,0,6,33%,0,3,,,,,,,,,1,0,0,0
Douglas Luiz,6,Aston-Villa,Midfielder,Brazil,22,37,10,20,3,0.08,0,2,1,0,0,41,13,32%,0,2,,,46,52%,,17,36,47,18,,211,150,163,36,31,36,,1,2,1300,35.14,3,25,24%,4,100,,,,,,,,,8,0,51,0
John McGinn,7,Aston-Villa,Midfielder,Scotland,25,29,7,15,3,0.1,0,0,3,0,0,57,20,35%,2,4,,,53,66%,,12,26,15,6,,157,193,185,53,19,35,,0,3,759,26.17,3,67,21%,3,85,,,,,,,,,4,0,38,0
Henri Lansbury,8,Aston-Villa,Midfielder,England,29,13,4,8,0,13.0,0,0,0,0,0,3,0,3%,0,0,,,7,43%,,1,1,2,0,,14,10,16,0,2,6,,0,0,115,8.85,0,2,50%,0,11,,,,,,,,,1,0,5,1
Jack Grealish,10,Aston-Villa,Midfielder,England,25,71,17,42,9,0.13,0,6,3,0,0,105,32,30%,2,6,,,45,71%,,33,44,17,6,,293,419,293,122,29,42,,1,7,2098,29.55,12,202,23%,2,103,,,,,,,,,9,0,47,6
Marvelous Nakamba,19,Aston-Villa,Midfielder,Zimbabwe,26,29,7,16,0,29.0,0,0,0,0,0,7,1,14%,0,0,,,55,51%,,0,39,32,7,,155,115,110,14,23,29,,1,0,782,26.97,0,4,4%,0,24,,,,,,,,,5,0,26,0
Conor Hourihane,14,Aston-Villa,Midfielder,Ireland,29,28,8,13,3,0.11,0,0,3,0,1,30,10,33%,1,1,,,16,63%,,13,9,27,10,,73,54,50,4,14,9,,0,5,665,23.75,8,124,24%,1,22,,,,,,,,,4,0,15,4
Trézéguet,17,Aston-Villa,Midfielder,Egypt,25,35,9,19,6,0.17,0,5,1,0,0,52,17,33%,2,3,,,40,45%,,22,27,14,9,,80,134,175,30,32,48,,0,1,388,11.09,0,73,16%,0,10,,,,,,,,,2,1,39,6
Anwar El Ghazi,21,Aston-Villa,Midfielder,Netherlands,25,34,7,19,4,0.12,0,4,0,1,0,52,20,38%,2,7,,,20,55%,,11,13,12,6,,75,97,151,29,31,57,,0,4,479,14.09,4,107,24%,1,15,,,,,,,,,3,0,20,12
Jota,23,Aston-Villa,Midfielder,Spain,29,10,2,7,0,10.0,0,0,0,0,0,6,1,17%,0,0,,,3,33%,,4,3,5,1,,26,13,25,7,1,2,,0,1,93,9.3,1,2,2%,2,6,,,,,,,,,0,0,6,0
Jacob Ramsey,41,Aston-Villa,Midfielder,England,19,0,0,0,0,0.0,0,0,0,0,0,0,0,0%,0,0,,,0,0%,,0,0,0,0,,0,0,0,0,0,0,,0,0,0,0.0,0,0,0%,0,0,,,,,,,,,0,0,0,0
Wesley,9,Aston-Villa,Forward,Brazil,23,21,6,12,5,0.24,0,5,0,0,0,35,18,51%,1,5,,,15,,,8,4,23,18,,,,,,,,,,1,367,17.48,1,7,,,,,,,,,,,,3,0,43,14
Keinan Davis,39,Aston-Villa,Forward,England,22,19,4,9,0,19.0,0,0,0,0,0,17,5,29%,0,3,,,1,,,2,0,4,3,,,,,,,,,,0,149,7.84,0,3,,,,,,,,,,,,0,0,12,3
Ollie Watkins,11,Aston-Villa,Forward,England,24,1,1,0,0,1.0,0,0,0,0,0,3,0,3%,0,0,,,0,,,1,0,0,0,,,,,,,,,,0,19,19.0,0,0,,,,,,,,,,,,0,0,2,1
Bertrand Traoré,,Aston-Villa,Forward,Burkina Faso,25,10,2,4,2,0.2,0,0,2,0,0,17,6,35%,0,0,,,9,,,7,2,3,1,,,,,,,,,,1,136,13.6,1,3,,,,,,,,,,,,0,0,3,5
Mat Ryan,1,Brighton-and-Hove-Albion,Goalkeeper,Australia,28,112,27,50,0,,,,,,,,,,,,26,166,,,,,,,,,,,,,,,0,2,0,3272,29.21,,,,,964,340,2,32,68,17,15,491,956,2,0,2,
Jason Steele,23,Brighton-and-Hove-Albion,Goalkeeper,England,30,0,0,0,0,,,,,,,,,,,,0,0,,,,,,,,,,,,,,,0,0,0,0,0.0,,,,,0,0,0,0,0,0,0,0,0,0,0,0,
Christian Walton,31,Brighton-and-Hove-Albion,Goalkeeper,England,24,0,0,0,0,,,,,,,,,,,,0,0,,,,,,,,,,,,,,,0,0,0,0,0.0,,,,,0,0,0,0,0,0,0,0,0,0,0,0,
Robert Sánchez,26,Brighton-and-Hove-Albion,Goalkeeper,Spain,22,0,0,0,0,,,,,,,,,,,,0,0,,,,,,,,,,,,,,,0,0,0,0,0.0,,,,,0,0,0,0,0,0,0,0,0,0,0,0,
Ben White,3,Brighton-and-Hove-Albion,Defender,England,22,2,1,1,0,,0,0,0,,,,,,0,,1,3,2,100%,0,0,2,2,1,0,5,8,5,1,4,3,0,0,0,101,50.5,0,1,1%,0,4,,,,,,,,,0,0,2,0
Tariq Lamptey,2,Brighton-and-Hove-Albion,Defender,England,19,11,4,4,0,,0,0,0,,,,,,0,,1,11,12,83%,0,2,23,16,8,0,41,57,51,17,5,10,0,0,2,243,22.09,4,27,15%,0,3,,,,,,,,,3,0,16,0
Lewis Dunk,5,Brighton-and-Hove-Albion,Defender,England,28,112,28,49,6,,3,3,0,,,,,,1,,27,162,151,56%,4,16,173,547,304,4,725,560,362,15,345,192,4,2,5,5364,47.89,3,10,20%,6,506,,,,,,,,,21,1,80,1
Adam Webster,4,Brighton-and-Hove-Albion,Defender,England,25,33,8,13,3,,2,1,0,,,,,,0,,6,47,33,55%,0,3,48,112,55,0,184,179,108,14,114,68,1,1,1,2001,60.64,2,6,33%,1,120,,,,,,,,,4,0,14,0
Bernardo,30,Brighton-and-Hove-Albion,Defender,Brazil,25,36,9,16,0,,0,0,0,,,,,,0,,2,46,89,66%,0,5,40,86,49,1,169,212,109,22,75,38,0,0,1,1115,30.97,3,48,19%,0,35,,,,,,,,,5,0,20,6
Dan Burn,33,Brighton-and-Hove-Albion,Defender,England,28,44,11,19,0,,0,0,0,,,,,,1,,9,60,73,64%,0,5,51,203,129,1,175,270,191,19,165,68,0,0,0,1792,40.73,2,51,20%,3,62,,,,,,,,,5,0,38,3
Joël Veltman,34,Brighton-and-Hove-Albion,Defender,Netherlands,28,0,0,0,0,,0,0,0,,,,,,0,,0,0,0,0%,0,0,0,0,0,0,0,0,0,0,0,0,0,0,0,0,0.0,0,0,0%,0,0,,,,,,,,,0,0,0,0
Romaric Yapi,52,Brighton-and-Hove-Albion,Defender,France,20,0,0,0,0,,0,0,0,,,,,,0,,0,0,0,0%,0,0,0,0,0,0,0,0,0,0,0,0,0,0,0,0,0.0,0,0,0%,0,0,,,,,,,,,0,0,0,0
Alex Cochrane,50,Brighton-and-Hove-Albion,Defender,England,20,0,0,0,0,,0,0,0,,,,,,0,,0,0,0,0%,0,0,0,0,0,0,0,0,0,0,0,0,0,0,0,0,0.0,0,0,0%,0,0,,,,,,,,,0,0,0,0
Haydon Roberts,58,Brighton-and-Hove-Albion,Defender,England,18,0,0,0,0,,0,0,0,,,,,,0,,0,0,0,0%,0,0,0,0,0,0,0,0,0,0,0,0,0,0,0,0,0.0,0,0,0%,0,0,,,,,,,,,0,0,0,0
Dale Stephens,6,Brighton-and-Hove-Albion,Midfielder,England,31,99,24,45,1,0.01,0,0,1,0,0,49,5,10%,1,0,,,261,63%,,16,167,152,90,,724,402,445,35,73,75,,0,5,4785,48.33,4,6,17%,7,381,,,,,,,,,20,1,136,0
Yves Bissouma,8,Brighton-and-Hove-Albion,Midfielder,Mali,24,52,13,26,1,0.02,0,1,0,0,0,51,10,20%,1,2,,,115,63%,,11,57,48,23,,239,285,261,79,48,49,,1,0,1441,27.71,1,14,21%,6,74,,,,,,,,,9,1,74,2
Alexis Mac Allister,10,Brighton-and-Hove-Albion,Midfielder,Argentina,21,9,3,2,0,9.0,0,0,0,0,0,7,1,14%,0,1,,,9,56%,,3,1,1,0,,15,17,22,2,3,5,,0,0,98,10.89,0,23,13%,0,2,,,,,,,,,0,0,4,1
Pascal Groß,13,Brighton-and-Hove-Albion,Midfielder,Germany,29,93,20,42,12,0.13,2,9,1,2,1,97,38,39%,1,3,,,101,50%,,29,37,48,15,,313,216,387,21,49,123,,0,15,2937,31.58,35,522,31%,17,166,,,,,,,,,7,0,67,22
Adam Lallana,14,Brighton-and-Hove-Albion,Midfielder,England,32,198,98,50,30,0.15,1,12,15,0,0,274,96,35%,8,24,,,322,75%,,91,166,126,49,,839,886,1078,209,120,249,,0,28,6407,32.36,25,489,20%,47,146,,,,,,,,,17,0,142,57
Solly March,20,Brighton-and-Hove-Albion,Midfielder,England,26,92,21,42,2,0.02,1,0,1,0,0,93,26,28%,2,4,,,140,56%,,31,62,66,24,,345,372,456,116,52,124,,0,7,1971,21.42,13,329,23%,3,100,,,,,,,,,6,0,70,15
Davy Pröpper,24,Brighton-and-Hove-Albion,Midfielder,Netherlands,29,100,24,44,2,0.02,1,1,0,0,0,80,15,19%,2,6,,,187,57%,,22,151,134,54,,673,456,472,112,112,89,,2,7,4384,43.84,7,67,15%,7,258,,,,,,,,,8,1,105,3
Steven Alzate,17,Brighton-and-Hove-Albion,Midfielder,Colombia,22,21,6,9,0,21.0,0,0,0,0,0,15,4,27%,0,1,,,34,,,7,15,13,11,,,,,,,,,,0,681,32.43,0,8,,,,,,,,,,,,1,0,21,3
Max Sanders,41,Brighton-and-Hove-Albion,Midfielder,England,21,0,0,0,0,0.0,0,0,0,0,0,0,0,0%,0,0,,,0,0%,,0,0,0,0,,0,0,0,0,0,0,,0,0,0,0.0,0,0,0%,0,0,,,,,,,,,0,0,0,0
Jayson Molumby,49,Brighton-and-Hove-Albion,Midfielder,Ireland,21,0,0,0,0,0.0,0,0,0,0,0,0,0,0%,0,0,,,0,0%,,0,0,0,0,,0,0,0,0,0,0,,0,0,0,0.0,0,0,0%,0,0,,,,,,,,,0,0,0,0
Lars Dendoncker,53,Brighton-and-Hove-Albion,Midfielder,Belgium,19,0,0,0,0,0.0,0,0,0,0,0,0,0,0%,0,0,,,0,0%,,0,0,0,0,,0,0,0,0,0,0,,0,0,0,0.0,0,0,0%,0,0,,,,,,,,,0,0,0,0
Peter Gwargis,55,Brighton-and-Hove-Albion,Midfielder,Sweden,20,0,0,0,0,0.0,0,0,0,0,0,0,0,0%,0,0,,,0,0%,,0,0,0,0,,0,0,0,0,0,0,,0,0,0,0.0,0,0,0%,0,0,,,,,,,,,0,0,0,0
Leandro Trossard,11,Brighton-and-Hove-Albion,Forward,Belgium,25,33,7,14,6,0.18,0,3,3,0,0,45,14,31%,3,8,,,23,,,8,11,6,2,,,,,,,,,,4,772,23.39,7,83,,,,,,,,,,,,0,0,17,4
Neal Maupay,9,Brighton-and-Hove-Albion,Forward,France,24,39,10,16,12,0.31,3,3,6,2,0,101,41,41%,1,11,,,21,,,31,5,9,3,,,,,,,,,,4,710,18.21,3,13,,,,,,,,,,,,3,0,38,15
Alireza Jahanbakhsh,16,Brighton-and-Hove-Albion,Forward,Iran,27,31,8,16,2,0.06,0,2,0,0,0,34,8,24%,2,0,,,41,,,10,14,3,0,,,,,,,,,,0,401,12.94,2,48,,,,,,,,,,,,2,0,21,7
José Izquierdo,19,Brighton-and-Hove-Albion,Forward,Colombia,28,47,13,19,5,0.11,0,5,0,0,0,67,19,28%,0,3,,,38,,,19,21,32,11,,,,,,,,,,4,728,15.49,4,29,,,,,,,,,,,,3,0,26,18
Aaron Connolly,7,Brighton-and-Hove-Albion,Forward,Ireland,20,26,8,12,4,0.15,0,4,0,0,0,43,16,37%,0,5,,,8,,,14,0,3,2,,,,,,,,,,1,161,6.19,1,9,,,,,,,,,,,,0,0,17,16
Florin Andone,21,Brighton-and-Hove-Albion,Forward,Romania,27,26,5,14,4,0.15,2,2,0,0,0,20,9,45%,0,3,,,11,,,6,3,13,6,,,,,,,,,,0,177,6.81,0,5,,,,,,,,,,,,5,1,30,4
Viktor Gyökeres,42,Brighton-and-Hove-Albion,Forward,Sweden,22,0,0,0,0,0.0,0,0,0,0,0,0,0,0%,0,0,,,0,,,0,0,0,0,,,,,,,,,,0,0,0.0,0,0,,,,,,,,,,,,0,0,0,0
Nick Pope,1,Burnley,Goalkeeper,England,28,74,28,26,0,,,,,,,,,,,,26,89,,,,,,,,,,,,,,,0,2,0,2124,28.7,,,,,647,237,2,29,100,18,45,300,605,4,0,1,
Bailey Peacock-Farrell,15,Burnley,Goalkeeper,Northern Ireland,23,0,0,0,0,,,,,,,,,,,,0,0,,,,,,,,,,,,,,,0,0,0,0,0.0,,,,,0,0,0,0,0,0,0,0,0,0,0,0,
Will Norris,25,Burnley,Goalkeeper,England,27,1,1,0,0,,,,,,,,,,,,0,0,,,,,,,,,,,,,,,0,0,0,0,1.0,,,,,0,0,0,0,0,0,0,0,0,0,0,0,
Matthew Lowton,2,Burnley,Defender,England,31,172,49,83,2,,0,1,1,,,,,,0,,36,266,415,66%,1,6,317,697,296,6,732,796,601,95,198,147,0,2,12,5463,31.76,18,428,19%,19,466,,,,,,,,,35,0,144,1
Charlie Taylor,3,Burnley,Defender,England,27,74,23,33,0,,0,0,0,,,,,,0,,19,98,111,50%,2,1,86,186,105,2,377,411,285,68,144,104,0,1,2,2249,30.39,3,238,21%,0,134,,,,,,,,,8,0,39,3
James Tarkowski,5,Burnley,Defender,England,27,123,48,50,5,,1,1,2,,,,,,1,,34,154,202,59%,1,13,166,691,412,3,472,861,442,34,540,233,0,1,3,3839,31.21,7,15,20%,0,355,,,,,,,,,24,0,119,12
Ben Mee,6,Burnley,Defender,England,31,166,49,77,4,,3,1,0,,,,,,4,,47,233,240,60%,5,13,260,1082,652,9,911,986,624,35,609,399,4,5,4,6088,36.67,7,70,16%,1,634,,,,,,,,,36,0,118,6
Erik Pieters,23,Burnley,Defender,Netherlands,32,194,61,79,1,,0,0,1,,,,,,0,,44,259,538,73%,2,11,354,620,312,2,899,1142,892,63,324,230,1,4,11,6880,35.46,17,455,18%,5,308,,,,,,,,,34,0,300,5
Phil Bardsley,26,Burnley,Defender,Scotland,35,300,100,130,7,,0,6,1,,,,,,2,,67,362,728,78%,8,56,423,1081,382,10,1154,1395,990,104,302,284,4,3,5,9247,30.82,17,660,20%,19,584,,,,,,,,,78,2,327,5
Kevin Long,28,Burnley,Defender,Ireland,30,35,8,14,1,,1,0,0,,,,,,1,,7,46,63,68%,0,6,34,214,119,0,130,236,160,3,139,105,1,1,3,1038,29.66,4,2,2%,0,104,,,,,,,,,1,0,28,1
Jimmy Dunne,34,Burnley,Defender,Ireland,22,1,0,1,1,,1,0,0,,,,,,0,,0,4,0,0%,0,0,2,8,4,0,3,9,2,0,7,0,0,0,0,25,25.0,0,0,0%,0,2,,,,,,,,,0,0,1,0
Bobby Thomas,37,Burnley,Defender,England,19,0,0,0,0,,0,0,0,,,,,,0,,0,0,0,0%,0,0,0,0,0,0,0,0,0,0,0,0,0,0,0,0,0.0,0,0,0%,0,0,,,,,,,,,0,0,0,0
Anthony Driscoll-Glennon,45,Burnley,Defender,England,20,0,0,0,0,,0,0,0,,,,,,0,,0,0,0,0%,0,0,0,0,0,0,0,0,0,0,0,0,0,0,0,0,0.0,0,0,0%,0,0,,,,,,,,,0,0,0,0
Jack Cork,4,Burnley,Midfielder,England,31,264,96,105,8,0.03,3,3,2,0,0,137,42,31%,2,6,,,466,71%,,43,400,477,207,,1565,1312,1335,184,393,479,,1,9,11059,41.89,11,151,17%,34,591,,,,,,,,,32,0,211,13
Jóhann Gudmundsson,7,Burnley,Midfielder,Iceland,29,96,28,44,7,0.07,2,0,5,0,0,114,37,32%,8,1,,,93,61%,,32,91,90,33,,386,313,369,63,93,115,,0,17,1750,18.23,12,439,32%,3,82,,,,,,,,,5,0,41,6
Josh Brownhill,8,Burnley,Midfielder,England,24,11,5,3,0,11.0,0,0,0,0,0,8,0,8%,0,1,,,15,53%,,3,19,17,8,,52,52,42,8,21,20,,0,0,368,33.45,0,3,3%,0,10,,,,,,,,,2,0,8,0
Dwight McNeil,11,Burnley,Midfielder,England,20,61,23,25,5,0.08,0,0,5,0,0,75,20,27%,3,2,,,83,,,25,43,59,25,,,,,,,,,,12,1509,24.74,17,377,,,,,,,,,,,,7,0,45,1
Robbie Brady,12,Burnley,Midfielder,Ireland,28,142,37,77,9,0.06,0,2,7,2,1,155,42,27%,7,1,,,241,73%,,54,136,214,97,,578,596,572,129,136,111,,2,12,3280,23.1,23,724,26%,12,195,,,,,,,,,15,1,117,13
Ashley Westwood,18,Burnley,Midfielder,England,30,222,65,106,9,0.04,0,9,0,0,1,137,34,25%,1,5,,,336,68%,,48,321,241,62,,1309,586,616,36,94,124,,1,25,9880,44.5,39,657,32%,22,790,,,,,,,,,38,0,195,2
Josh Benson,41,Burnley,Midfielder,England,20,0,0,0,0,0.0,0,0,0,0,0,0,0,0%,0,0,,,0,0%,,0,0,0,0,,0,0,0,0,0,0,,0,0,0,0.0,0,0,0%,0,0,,,,,,,,,0,0,0,0
Chris Wood,9,Burnley,Forward,New Zealand,28,105,35,43,36,0.34,14,14,8,1,0,172,81,47%,7,36,,,28,,,22,7,62,44,,,,,,,,,,4,1535,14.62,8,25,,,,,,,,,,,,4,0,84,117
Ashley Barnes,10,Burnley,Forward,England,30,155,45,71,38,0.25,5,29,4,5,0,276,104,38%,6,28,,,103,,,53,33,111,72,,,,,,,,,,6,2475,15.97,11,62,,,,,,,,,,,,32,2,269,92
Jay Rodriguez,19,Burnley,Forward,England,31,178,53,71,41,0.23,8,25,7,2,0,378,140,37%,10,35,,,154,,,87,82,113,78,,,,,,,,,,12,2835,15.93,14,134,,,,,,,,,,,,11,0,156,99
Matej Vydra,27,Burnley,Forward,Czech Republic,28,57,11,30,6,0.11,0,5,1,0,0,37,20,54%,1,10,,,10,,,5,5,13,7,,,,,,,,,,5,359,6.3,4,11,,,,,,,,,,,,1,0,9,10
Kepa Arrizabalaga,1,Chelsea,Goalkeeper,Spain,25,71,39,20,0,,,,,,,,,,,,22,89,,,,,,,,,,,,,,,0,2,0,2006,28.25,,,,,334,142,1,16,33,9,22,320,473,2,0,0,
Willy Caballero,13,Chelsea,Goalkeeper,Argentina,38,33,19,5,0,,,,,,,,,,,,11,33,,,,,,,,,,,,,,,0,2,0,798,24.18,,,,,166,72,1,15,20,5,16,132,166,0,0,0,
Antonio Rüdiger,2,Chelsea,Defender,Germany,27,80,45,21,5,,5,0,0,,,,,,1,,28,81,93,59%,0,15,72,252,139,2,522,341,289,15,199,153,1,1,1,5738,71.72,5,18,6%,14,364,,,,,,,,,14,0,73,3
Marcos Alonso,3,Chelsea,Defender,Spain,29,140,87,32,20,,4,2,14,,,,,,11,,52,132,288,68%,0,63,215,369,184,1,831,800,639,90,286,213,0,1,12,6434,45.96,17,428,19%,8,214,,,,,,,,,25,1,125,16
Andreas Christensen,4,Chelsea,Defender,Denmark,24,59,29,18,0,,0,0,0,,,,,,2,,12,64,76,51%,0,3,74,193,107,1,300,254,143,10,145,97,0,1,0,3213,54.46,2,0,0%,3,131,,,,,,,,,6,1,35,1
Kurt Zouma,15,Chelsea,Defender,France,25,143,60,49,5,,4,1,0,,,,,,2,,35,164,160,69%,5,13,225,653,352,1,574,681,328,50,413,163,1,2,4,5767,40.33,2,20,10%,0,396,,,,,,,,,10,1,87,6
Reece James,24,Chelsea,Defender,England,20,26,15,8,1,,0,1,0,,,,,,1,,4,26,43,67%,0,6,26,27,13,0,108,137,121,31,42,44,0,0,3,1104,42.46,6,120,24%,0,45,,,,,,,,,1,0,24,1
César Azpilicueta,28,Chelsea,Defender,Spain,31,272,158,56,8,,2,6,0,,,,,,1,,95,276,722,73%,2,29,475,788,416,5,1376,1400,977,69,475,375,3,0,31,15647,57.53,32,577,22%,25,633,,,,,,,,,23,1,240,10
Fikayo Tomori,14,Chelsea,Defender,England,22,17,9,5,1,,0,1,0,,,,,,0,,4,21,32,53%,1,1,24,53,26,0,102,81,49,9,34,29,0,0,0,1193,70.18,0,4,25%,3,43,,,,,,,,,3,0,8,1
Emerson,33,Chelsea,Defender,Italy,26,30,11,14,0,,0,0,0,,,,,,1,,4,36,43,58%,0,6,28,31,17,0,104,122,74,27,25,21,0,0,1,1285,42.83,3,97,19%,2,32,,,,,,,,,3,0,15,2
Ben Chilwell,21,Chelsea,Defender,England,23,99,40,36,4,,0,1,3,,,,,,1,,24,117,157,63%,1,10,117,261,148,1,529,637,542,111,261,189,0,1,9,4540,45.86,12,337,18%,8,137,,,,,,,,,10,1,81,8
Thiago Silva,6,Chelsea,Defender,Brazil,36,0,0,0,0,,0,0,0,,,,,,0,,0,0,0,0%,0,0,0,0,0,0,0,0,0,0,0,0,0,0,0,0,0.0,0,0,0%,0,0,,,,,,,,,0,0,0,0
Juan Castillo,,Chelsea,Defender,Netherlands,20,0,0,0,0,,0,0,0,,,,,,0,,0,0,0,0%,0,0,0,0,0,0,0,0,0,0,0,0,0,0,0,0,0.0,0,0,0%,0,0,,,,,,,,,0,0,0,0
Hakim Ziyech,22,Chelsea,Midfielder,Morocco,27,0,0,0,0,0.0,0,0,0,0,0,0,0,0%,0,0,,,0,0%,,0,0,0,0,,0,0,0,0,0,0,,0,0,0,0.0,0,0,0%,0,0,,,,,,,,,0,0,0,0
Jorginho,5,Chelsea,Midfielder,Italy,28,70,37,18,7,0.1,0,7,0,5,0,33,13,39%,0,1,,,147,54%,,9,130,64,29,,533,256,306,28,29,60,,0,3,5482,78.31,12,12,17%,50,231,,,,,,,,,18,0,63,0
N'Golo Kanté,7,Chelsea,Midfielder,France,29,166,98,35,10,0.06,0,6,4,0,0,120,29,24%,0,7,,,540,65%,,46,420,184,77,,1320,922,920,190,123,204,,2,10,8952,53.93,15,86,29%,28,364,,,,,,,,,22,0,218,7
Ross Barkley,8,Chelsea,Midfielder,England,26,202,91,59,25,0.12,2,16,7,2,2,411,119,29%,10,25,,,172,73%,,145,76,108,85,,755,973,1048,376,170,168,,2,27,7686,38.05,32,322,22%,59,469,,,,,,,,,18,0,155,19
Ruben Loftus-Cheek,12,Chelsea,Midfielder,England,24,78,35,22,9,0.12,2,6,1,0,0,78,19,24%,1,6,,,54,69%,,27,44,41,27,,266,355,337,131,65,93,,0,6,1854,23.77,7,16,19%,6,50,,,,,,,,,1,0,39,6
Mateo Kovacic,17,Chelsea,Midfielder,Croatia,26,64,34,16,1,0.02,0,1,0,0,0,49,9,18%,1,2,,,108,62%,,24,30,34,17,,300,320,222,120,19,27,,0,5,3398,53.09,4,16,13%,19,128,,,,,,,,,11,0,40,0
Mason Mount,19,Chelsea,Midfielder,England,21,39,20,13,7,0.18,0,7,0,0,1,80,29,36%,3,9,,,43,44%,,28,18,19,7,,151,136,211,44,10,48,,0,5,1312,33.64,8,138,25%,3,28,,,,,,,,,3,0,40,4
Christian Pulisic,10,Chelsea,Midfielder,United States,22,25,13,9,9,0.36,2,4,3,0,0,63,26,41%,1,8,,,23,48%,,15,6,7,4,,79,128,190,55,20,45,,0,4,668,26.72,6,35,11%,4,19,,,,,,,,,0,0,14,3
Billy Gilmour,23,Chelsea,Midfielder,Scotland,19,6,5,0,0,6.0,0,0,0,0,0,1,0,1%,0,0,,,5,40%,,0,3,2,1,,15,10,16,2,2,5,,0,0,172,28.67,0,1,1%,0,9,,,,,,,,,0,0,3,0
Kai Havertz,29,Chelsea,Midfielder,Germany,21,2,1,1,0,2.0,0,0,0,0,0,0,0,0%,0,0,,,3,67%,,0,0,1,1,,10,6,9,1,2,2,,0,0,41,20.5,0,1,1%,1,1,,,,,,,,,0,0,2,1
Timo Werner,11,Chelsea,Forward,Germany,24,2,1,1,0,2.0,0,0,0,0,0,6,1,17%,0,0,,,1,,,3,3,2,1,,,,,,,,,,0,49,24.5,0,0,,,,,,,,,,,,0,0,3,2
Tammy Abraham,9,Chelsea,Forward,England,22,68,25,29,20,0.29,3,16,0,0,0,133,56,42%,3,26,,,18,,,26,8,39,32,,,,,,,,,,4,721,10.6,6,26,,,,,,,,,,,,2,0,35,35
Olivier Giroud,18,Chelsea,Forward,France,33,238,133,56,86,0.36,31,8,47,2,0,548,212,39%,19,82,,,145,,,104,64,178,116,,,,,,,,,,28,4718,19.82,40,90,,,,,,,,,,,,18,2,223,120
Callum Hudson-Odoi,20,Chelsea,Forward,England,19,35,18,12,1,0.03,0,1,0,0,0,29,8,28%,1,2,,,18,,,14,8,4,2,,,,,,,,,,6,641,18.31,8,87,,,,,,,,,,,,1,0,12,6
Wayne Hennessey,13,Crystal-Palace,Goalkeeper,Wales,33,181,47,94,0,,,,,,,,,,,,37,301,,,,,,,,,,,,,,,1,13,1,4858,26.84,,,,,1618,617,3,72,274,96,122,683,1621,4,0,1,
Vicente Guaita,31,Crystal-Palace,Goalkeeper,Spain,33,57,23,21,0,,,,,,,,,,,,18,66,,,,,,,,,,,,,,,1,2,0,1428,25.05,,,,,357,182,0,37,29,18,14,263,478,3,0,1,
Stephen Henderson,19,Crystal-Palace,Goalkeeper,Ireland,32,0,0,0,0,,,,,,,,,,,,0,0,,,,,,,,,,,,,,,0,0,0,0,0.0,,,,,0,0,0,0,0,0,0,0,0,0,0,0,
Nathan Ferguson,,Crystal-Palace,Defender,England,19,0,0,0,0,,0,0,0,,,,,,0,,0,0,0,0%,0,0,0,0,0,0,0,0,0,0,0,0,0,0,0,0,0.0,0,0,0%,0,0,,,,,,,,,0,0,0,0
Joel Ward,2,Crystal-Palace,Defender,England,30,201,66,95,4,,2,1,1,,,,,,2,,45,274,483,80%,1,25,368,796,450,4,1013,1218,812,102,406,246,1,2,5,6449,32.08,9,407,18%,3,356,,,,,,,,,28,0,202,4
Patrick van Aanholt,3,Crystal-Palace,Defender,Netherlands,30,191,57,92,20,,0,4,16,,,,,,5,,40,277,350,69%,3,51,326,439,170,5,1126,680,566,184,69,88,2,2,14,6833,35.77,25,388,26%,14,290,,,,,,,,,19,0,94,27
James Tomkins,5,Crystal-Palace,Defender,England,31,263,84,116,12,,7,3,2,,,,,,6,,58,338,447,70%,17,26,443,2029,929,4,989,1442,817,25,823,473,0,7,7,8210,31.22,8,51,33%,4,752,,,,,,,,,46,2,167,7
Scott Dann,6,Crystal-Palace,Defender,England,33,227,74,95,15,,9,4,2,,,,,,6,,48,307,291,59%,5,29,343,1536,661,6,785,1016,698,46,612,441,5,5,11,6399,28.19,11,24,29%,4,665,,,,,,,,,34,0,145,10
Mamadou Sakho,12,Crystal-Palace,Defender,France,30,125,52,43,3,,1,1,1,,,,,,3,,32,162,144,72%,5,4,200,697,440,3,847,534,348,49,298,223,0,3,2,5917,47.34,2,6,33%,2,280,,,,,,,,,6,1,39,1
Gary Cahill,24,Crystal-Palace,Defender,England,34,374,166,126,27,,9,13,4,,,,,,5,,99,452,471,75%,18,63,452,2849,1155,10,1441,1946,1036,70,1157,562,2,8,10,12718,34.01,8,23,17%,6,847,,,,,,,,,38,3,266,3
Martin Kelly,34,Crystal-Palace,Defender,England,30,153,55,62,0,,0,0,0,,,,,,2,,29,180,335,75%,1,8,153,641,312,1,509,646,518,32,240,192,2,6,5,3820,24.97,2,210,17%,2,202,,,,,,,,,14,0,117,1
Tyrick Mitchell,27,Crystal-Palace,Defender,England,21,6,2,3,0,,0,0,0,,,,,,0,,1,5,15,53%,0,0,3,5,0,0,17,19,26,1,0,9,0,0,0,132,22.0,0,5,60%,0,6,,,,,,,,,1,0,2,0
Jaroslaw Jach,33,Crystal-Palace,Defender,Poland,26,0,0,0,0,,0,0,0,,,,,,0,,0,0,0,0%,0,0,0,0,0,0,0,0,0,0,0,0,0,0,0,0,0.0,0,0,0%,0,0,,,,,,,,,0,0,0,0
Sam Woods,35,Crystal-Palace,Defender,England,22,0,0,0,0,,0,0,0,,,,,,0,,0,0,0,0%,0,0,0,0,0,0,0,0,0,0,0,0,0,0,0,0,0.0,0,0,0%,0,0,,,,,,,,,0,0,0,0
Ryan Inniss,45,Crystal-Palace,Defender,England,25,0,0,0,0,,0,0,0,,,,,,0,,0,0,0,0%,0,0,0,0,0,0,0,0,0,0,0,0,0,0,0,0,0.0,0,0,0%,0,0,,,,,,,,,0,0,0,0
Luka Milivojevic,4,Crystal-Palace,Midfielder,Serbia,29,121,41,53,27,0.22,0,27,0,21,3,144,55,38%,5,4,,,264,64%,,41,227,202,91,,736,597,597,56,167,137,,4,4,5573,46.06,8,376,27%,9,394,,,,,,,,,34,0,207,2
Max Meyer,7,Crystal-Palace,Midfielder,Germany,25,46,11,24,1,0.02,0,0,1,0,0,47,10,21%,1,0,,,52,56%,,14,22,20,4,,116,111,110,19,6,25,,0,2,864,18.78,0,33,15%,0,19,,,,,,,,,4,0,16,3
Cheikhou Kouyaté,8,Crystal-Palace,Midfielder,Senegal,30,197,64,76,13,0.07,5,7,0,0,0,167,54,32%,8,12,,,446,65%,,33,310,412,260,,1035,1311,1091,125,547,431,,1,10,5799,29.44,3,104,16%,8,176,,,,,,,,,25,1,242,16
Andros Townsend,10,Crystal-Palace,Midfielder,England,29,211,78,91,22,0.1,0,5,17,1,1,335,103,31%,6,12,,,353,71%,,112,177,82,21,,913,1025,1045,414,19,76,,2,22,4717,22.36,40,923,23%,12,111,,,,,,,,,14,0,78,22
Jeffrey Schlupp,15,Crystal-Palace,Midfielder,Ghana,27,148,56,61,11,,1,3,7,,,,,,0,,17,153,278,70%,0,43,177,217,117,0,585,773,757,173,211,261,1,1,8,3156,21.32,10,199,19%,4,163,,,,,,,,,15,0,109,3
James McArthur,18,Crystal-Palace,Midfielder,Scotland,32,282,93,126,23,0.08,6,10,7,0,0,214,64,30%,3,12,,,613,72%,,68,398,312,108,,1448,1304,1452,155,314,385,,0,18,10076,35.73,21,137,18%,32,570,,,,,,,,,45,0,370,13
James McCarthy,22,Crystal-Palace,Midfielder,Ireland,29,258,87,102,13,0.05,0,10,3,0,0,178,47,26%,4,8,,,674,73%,,65,421,366,124,,1284,1190,1014,123,148,167,,3,12,10840,42.02,8,188,28%,23,835,,,,,,,,,48,1,309,2
Jairo Riedewald,44,Crystal-Palace,Midfielder,Netherlands,24,29,8,13,0,29.0,0,0,0,0,0,4,0,4%,0,0,,,25,72%,,2,29,31,14,,70,45,33,11,7,8,,0,0,484,16.69,0,8,38%,1,29,,,,,,,,,0,0,6,0
Eberechi Eze,25,Crystal-Palace,Midfielder,England,22,2,2,0,0,2.0,0,0,0,0,0,0,0,0%,0,0,,,2,100%,,0,0,0,0,,5,4,8,2,0,1,,0,0,14,7.0,0,3,67%,0,0,,,,,,,,,0,0,0,0
Nya Kirby,37,Crystal-Palace,Midfielder,England,20,0,0,0,0,0.0,0,0,0,0,0,0,0,0%,0,0,,,0,0%,,0,0,0,0,,0,0,0,0,0,0,,0,0,0,0.0,0,0,0%,0,0,,,,,,,,,0,0,0,0
Jordan Ayew,9,Crystal-Palace,Forward,Ghana,29,139,37,71,25,0.18,4,17,4,2,0,226,78,35%,8,13,,,226,,,73,76,55,34,,,,,,,,,,9,2968,21.35,12,147,,,,,,,,,,,,18,2,222,44
Wilfried Zaha,11,Crystal-Palace,Forward,Cote D'Ivoire,27,217,70,94,39,0.18,1,31,7,1,0,336,119,35%,7,32,,,294,,,106,123,32,8,,,,,,,,,,24,4555,20.99,36,537,,,,,,,,,,,,33,1,287,79
Christian Benteke,17,Crystal-Palace,Forward,Belgium,29,225,73,107,72,0.32,26,37,9,10,1,544,208,38%,14,82,,,80,,,117,26,214,148,,,,,,,,,,20,5666,25.18,31,36,,,,,,,,,,,,35,3,357,203
Connor Wickham,21,Crystal-Palace,Forward,England,27,120,29,59,19,0.16,4,10,5,1,0,189,59,31%,6,12,,,93,,,56,53,109,63,,,,,,,,,,7,2003,16.69,5,112,,,,,,,,,,,,11,0,147,26
Brandon Pierrick,40,Crystal-Palace,Forward,England,18,2,0,1,0,2.0,0,0,0,0,0,0,0,0%,0,0,,,0,,,0,0,1,1,,,,,,,,,,0,7,3.5,0,2,,,,,,,,,,,,0,0,0,0
Michy Batshuayi,23,Crystal-Palace,Forward,Belgium,26,60,37,15,13,0.22,1,8,4,0,0,73,25,34%,1,9,,,13,,,22,7,6,5,,,,,,,,,,3,421,7.02,0,3,,,,,,,,,,,,0,0,24,29
Jordan Pickford,1,Everton,Goalkeeper,England,26,147,48,65,0,,,,,,,,,,,,38,218,,,,,,,,,,,,,,,0,13,0,4553,30.97,,,,,1273,462,4,71,98,38,65,609,1232,3,0,3,
João Virgínia,31,Everton,Goalkeeper,Portugal,20,0,0,0,0,,,,,,,,,,,,0,0,,,,,,,,,,,,,,,0,0,0,0,0.0,,,,,0,0,0,0,0,0,0,0,0,0,0,0,
Jonas Lössl,49,Everton,Goalkeeper,Denmark,31,69,12,41,0,,,,,,,,,,,,14,112,,,,,,,,,,,,,,,1,5,2,2290,33.19,,,,,746,191,3,43,49,9,34,200,527,2,0,0,
Mason Holgate,4,Everton,Defender,England,23,65,28,16,0,,0,0,0,,,,,,1,,14,75,113,68%,0,3,81,274,140,1,285,319,227,27,124,120,0,1,4,2429,37.37,7,62,16%,2,218,,,,,,,,,11,0,43,3
Michael Keane,5,Everton,Defender,England,27,153,53,64,6,,3,2,1,,,,,,3,,40,205,157,68%,2,17,249,978,652,2,656,899,574,22,685,417,1,1,5,6162,40.27,7,11,27%,3,479,,,,,,,,,13,0,82,5
Lucas Digne,12,Everton,Defender,France,27,72,28,27,4,,0,0,4,,,,,,5,,20,89,150,64%,1,29,104,195,100,0,369,452,314,37,209,102,2,0,12,2961,41.12,21,570,28%,2,130,,,,,,,,,11,1,83,5
Yerry Mina,13,Everton,Defender,Colombia,26,44,17,16,3,,2,1,0,,,,,,0,,8,52,54,56%,0,7,41,156,93,0,181,229,142,6,153,99,1,1,1,2052,46.64,2,4,4%,1,149,,,,,,,,,6,0,33,3
Séamus Coleman,23,Everton,Defender,Ireland,31,276,114,79,20,,7,8,6,,,,,,6,,78,277,480,79%,8,48,296,542,284,1,1272,1308,1157,364,195,221,4,3,21,8930,32.36,36,742,20%,12,342,,,,,,,,,29,2,194,29
Jarrad Branthwaite,32,Everton,Defender,England,18,4,1,2,0,,0,0,0,,,,,,0,,1,6,8,88%,0,0,2,11,7,0,18,20,21,1,9,15,0,0,0,223,55.75,0,0,0%,0,13,,,,,,,,,0,0,4,0
Jonjoe Kenny,2,Everton,Defender,England,23,31,11,15,0,,0,0,0,,,,,,1,,6,46,64,78%,0,2,46,107,56,0,138,142,122,11,62,43,0,0,2,1045,33.71,3,67,24%,0,68,,,,,,,,,3,0,28,0
Niels Nkounkou,18,Everton,Defender,France,19,0,0,0,0,,0,0,0,,,,,,0,,0,0,0,0%,0,0,0,0,0,0,0,0,0,0,0,0,0,0,0,0,0.0,0,0,0%,0,0,,,,,,,,,0,0,0,0
Fabian Delph,8,Everton,Midfielder,England,30,185,76,73,7,0.04,0,1,6,0,0,144,36,25%,5,3,,,395,71%,,36,283,213,55,,1011,987,706,259,130,165,,5,8,8857,47.88,7,195,27%,13,508,,,,,,,,,29,3,140,1
Gylfi Sigurdsson,10,Everton,Midfielder,Iceland,31,284,114,110,61,0.21,3,45,13,9,7,603,221,37%,20,31,,,348,67%,,203,283,163,44,,1015,863,1223,197,88,246,,1,45,7752,27.3,68,1363,26%,95,204,,,,,,,,,20,0,193,16
André Gomes,21,Everton,Midfielder,Portugal,27,48,18,19,1,0.02,0,1,0,0,0,27,5,19%,0,1,,,64,63%,,6,27,25,16,,308,229,338,66,56,45,,0,2,2169,45.19,2,28,21%,4,187,,,,,,,,,13,0,89,0
Jean-Philippe Gbamin,25,Everton,Midfielder,Cote D'Ivoire,24,2,1,0,0,2.0,0,0,0,0,0,0,0,0%,0,0,,,4,75%,,0,1,4,3,,8,11,10,2,3,2,,0,0,70,35.0,0,0,0%,0,2,,,,,,,,,0,0,2,0
Tom Davies,26,Everton,Midfielder,England,22,106,46,34,5,0.05,1,2,2,0,0,60,15,25%,2,4,,,132,61%,,25,100,63,33,,415,417,486,76,72,118,,0,4,2909,27.44,5,43,19%,9,135,,,,,,,,,22,0,116,9
Beni Baningime,34,Everton,Midfielder,The Democratic Republic Of Congo,22,8,2,2,0,8.0,0,0,0,0,0,0,0,0%,0,0,,,6,33%,,0,2,1,0,,9,9,14,1,1,2,,0,0,82,10.25,0,0,0%,0,3,,,,,,,,,1,0,4,0
Allan,6,Everton,Midfielder,Brazil,29,2,2,0,0,2.0,0,0,0,0,0,1,1,100%,0,0,,,9,56%,,0,3,3,1,,18,16,13,2,1,2,,0,0,140,70.0,0,2,2%,0,7,,,,,,,,,0,0,4,0
James Rodríguez,19,Everton,Midfielder,Colombia,29,2,2,0,1,0.5,0,0,1,0,0,4,1,25%,0,0,,,3,33%,,1,3,0,0,,9,12,10,3,1,3,,0,1,109,54.5,2,7,29%,3,18,,,,,,,,,0,0,1,0
Abdoulaye Doucouré,16,Everton,Midfielder,France,27,131,40,65,17,0.13,2,12,2,0,0,182,54,30%,2,11,,,235,58%,,56,143,163,66,,1019,576,658,129,154,168,,1,11,6811,51.99,15,71,20%,7,213,,,,,,,,,31,0,145,10
Muhamed Besic,30,Everton,Midfielder,Bosnia And Herzegovina,28,46,14,17,0,46.0,0,0,0,0,0,26,7,27%,1,0,,,93,76%,,7,34,56,26,,154,186,165,53,21,16,,1,0,1339,29.11,2,18,22%,3,116,,,,,,,,,11,0,42,0
Sandro Ramírez,28,Everton,Forward,Spain,25,8,2,4,0,8.0,0,0,0,0,0,9,1,11%,0,0,,,2,,,3,1,0,0,,,,,,,,,,0,82,10.25,0,6,,,,,,,,,,,,0,0,1,1
Yannick Bolasie,29,Everton,Forward,The Democratic Republic Of Congo,31,119,38,51,11,0.09,1,8,2,0,0,219,72,33%,8,8,,,151,,,55,48,107,58,,,,,,,,,,17,2124,17.85,25,595,,,,,,,,,,,,9,1,140,46
Richarlison,7,Everton,Forward,Brazil,23,111,41,47,31,0.28,7,12,11,0,0,280,85,30%,7,28,,,190,,,80,53,109,79,,,,,,,,,,10,2452,22.09,22,158,,,,,,,,,,,,17,1,114,56
Dominic Calvert-Lewin,9,Everton,Forward,England,23,116,43,46,28,0.24,12,12,4,0,0,195,77,39%,4,31,,,42,,,37,29,85,66,,,,,,,,,,9,1588,13.69,9,47,,,,,,,,,,,,17,0,138,36
Theo Walcott,11,Everton,Forward,England,31,346,176,93,75,0.22,3,60,12,0,0,616,267,43%,18,79,,,214,,,141,149,81,29,,,,,,,,,,51,5491,15.87,61,952,,,,,,,,,,,,10,0,101,163
Cenk Tosun,14,Everton,Forward,Turkey,29,49,14,19,10,0.2,5,3,2,0,0,71,30,42%,0,6,,,23,,,12,6,16,11,,,,,,,,,,3,619,12.63,4,15,,,,,,,,,,,,3,0,50,19
Alex Iwobi,17,Everton,Forward,Nigeria,24,126,59,41,12,0.1,2,9,1,0,0,157,65,41%,4,10,,,99,,,46,44,33,15,,,,,,,,,,16,3921,31.12,23,151,,,,,,,,,,,,2,0,42,6
Bernard,20,Everton,Forward,Brazil,28,61,23,23,4,0.07,0,4,0,0,0,35,10,29%,2,5,,,81,,,14,43,19,4,,,,,,,,,,5,1346,22.07,7,87,,,,,,,,,,,,7,0,36,2
Moise Kean,27,Everton,Forward,Italy,20,31,9,13,2,0.06,0,2,0,0,0,31,13,42%,0,4,,,6,,,5,5,1,1,,,,,,,,,,2,131,4.23,5,14,,,,,,,,,,,,1,0,28,4
Anthony Gordon,24,Everton,Forward,England,19,11,3,4,0,11.0,0,0,0,0,0,6,1,17%,0,0,,,11,,,2,8,1,0,,,,,,,,,,1,113,10.27,0,7,,,,,,,,,,,,0,0,10,1
Marek Rodák,12,Fulham,Goalkeeper,Slovakia,23,1,0,1,0,,,,,,,,,,,,0,3,,,,,,,,,,,,,,,0,0,0,25,25.0,,,,,8,2,0,0,0,0,1,2,4,0,0,0,
Fabri,31,Fulham,Goalkeeper,Spain,32,2,0,2,0,,,,,,,,,,,,0,5,,,,,,,,,,,,,,,0,1,0,47,23.5,,,,,16,16,0,0,1,1,3,14,14,0,0,0,
Alphonse Areola,1,Fulham,Goalkeeper,France,27,1,0,1,0,,,,,,,,,,,,0,4,,,,,,,,,,,,,,,0,0,0,29,29.0,,,,,4,3,0,2,0,0,0,8,3,0,0,0,
Michael Hector,3,Fulham,Defender,Jamaica,28,2,0,2,0,,0,0,0,,,,,,0,,0,7,3,67%,0,1,0,4,2,1,13,10,7,2,3,1,0,0,0,127,63.5,0,0,0%,0,12,,,,,,,,,1,0,3,0
Denis Odoi,4,Fulham,Defender,Belgium,32,33,7,21,0,,0,0,0,,,,,,0,,3,69,49,71%,0,1,45,147,61,0,200,156,120,16,57,55,1,0,1,1434,43.45,1,16,25%,2,72,,,,,,,,,4,0,39,1
Tim Ream,13,Fulham,Defender,United States,32,40,9,24,0,,0,0,0,,,,,,0,,5,78,42,57%,0,0,65,197,67,1,178,126,114,7,66,67,0,1,1,1517,37.92,1,3,33%,0,73,,,,,,,,,2,0,16,0
Maxime Le Marchand,20,Fulham,Defender,France,30,26,7,17,0,,0,0,0,,,,,,0,,3,53,56,64%,0,3,54,122,48,0,164,129,106,10,56,45,0,1,1,1386,53.31,1,17,24%,1,91,,,,,,,,,5,0,28,3
Joe Bryan,23,Fulham,Defender,England,27,30,6,21,0,,0,0,0,,,,,,0,,5,60,66,67%,0,7,37,74,35,0,135,147,115,18,32,37,0,1,1,1036,34.53,8,121,18%,1,54,,,,,,,,,5,0,27,2
Antonee Robinson,33,Fulham,Defender,United States,23,0,0,0,0,,0,0,0,,,,,,0,,0,0,0,0%,0,0,0,0,0,0,0,0,0,0,0,0,0,0,0,0,0.0,0,0,0%,0,0,,,,,,,,,0,0,0,0
Kenny Tete,2,Fulham,Defender,Netherlands,24,1,0,1,0,,0,0,0,,,,,,0,,0,4,3,67%,0,0,4,3,2,0,4,6,5,0,3,0,0,0,1,27,27.0,1,6,50%,0,0,,,,,,,,,1,0,3,0
Ola Aina,34,Fulham,Defender,Nigeria,23,3,3,0,0,,0,0,0,,,,,,0,,0,0,0,0%,0,0,0,1,0,0,2,1,0,0,0,0,0,0,0,16,5.33,0,0,0%,0,0,,,,,,,,,0,0,0,0
Jean Michael Seri,24,Fulham,Midfielder,Cote D'Ivoire,29,32,6,21,1,0.03,0,1,0,0,0,19,6,32%,1,1,,,41,68%,,7,32,14,6,,158,93,112,16,14,20,,2,2,1592,49.75,7,108,36%,2,98,,,,,,,,,6,0,32,1
Kevin McDonald,6,Fulham,Midfielder,Scotland,31,41,3,29,1,0.02,0,1,0,0,0,19,3,16%,1,0,,,60,70%,,7,43,37,11,,131,117,116,10,28,13,,0,1,1285,31.34,0,19,11%,8,115,,,,,,,,,9,1,33,2
Neeskens Kebano,7,Fulham,Midfielder,The Democratic Republic Of Congo,28,9,0,9,0,,0,0,0,,,,,,1,,0,6,3,33%,0,1,0,3,2,0,13,16,14,7,4,5,0,0,0,57,6.33,0,7,14%,0,0,,,,,,,,,0,0,3,1
Stefan Johansen,8,Fulham,Midfielder,Norway,29,12,1,9,0,12.0,0,0,0,0,0,1,0,1%,0,0,,,10,30%,,0,3,5,3,,35,17,18,2,3,6,,0,0,250,20.83,0,9,11%,0,13,,,,,,,,,4,0,6,0
Tom Cairney,10,Fulham,Midfielder,Scotland,29,43,7,28,2,0.05,0,0,2,0,0,33,7,21%,2,0,,,57,63%,,11,32,22,5,,219,187,146,54,21,23,,0,1,1882,43.77,4,57,23%,9,104,,,,,,,,,2,0,22,0
Josh Onomah,25,Fulham,Midfielder,England,23,15,8,4,0,15.0,0,0,0,0,0,4,2,50%,0,0,,,10,90%,,1,1,2,0,,8,17,17,3,3,2,,0,0,109,7.27,0,5,5%,0,0,,,,,,,,,0,0,4,1
André-Frank Zambo Anguissa,29,Fulham,Midfielder,Cameroon,24,24,4,18,0,24.0,0,0,0,0,0,22,5,23%,0,0,,,54,59%,,10,37,30,15,,135,148,151,52,24,32,,0,1,1113,46.38,1,3,33%,0,38,,,,,,,,,1,1,26,2
Mario Lemina,18,Fulham,Midfielder,Gabon,27,47,8,22,2,0.04,0,2,0,0,0,48,10,21%,2,0,,,105,69%,,12,80,63,35,,260,278,207,78,55,30,,1,2,1787,38.02,3,19,21%,9,87,,,,,,,,,7,0,60,3
Harrison Reed,21,Fulham,Midfielder,England,25,19,9,5,0,19.0,0,0,0,0,0,6,3,50%,0,0,,,36,83%,,1,26,14,3,,45,60,64,2,7,21,,0,0,419,22.05,0,4,4%,0,14,,,,,,,,,0,0,8,0
Tyrese Francois,35,Fulham,Midfielder,Australia,20,0,0,0,0,0.0,0,0,0,0,0,0,0,0%,0,0,,,0,0%,,0,0,0,0,,0,0,0,0,0,0,,0,0,0,0.0,0,0,0%,0,0,,,,,,,,,0,0,0,0
Aleksandar Mitrovic,9,Fulham,Forward,Serbia,26,79,17,46,23,0.29,11,10,2,4,0,221,85,38%,7,24,,,44,,,46,13,88,76,,,,,,,,,,7,1841,23.3,6,14,,,,,,,,,,,,12,2,117,51
Bobby De Cordova-Reid,14,Fulham,Forward,Jamaica,27,29,7,19,6,0.21,0,5,1,1,0,29,10,34%,0,1,,,17,,,8,3,12,4,,,,,,,,,,2,324,11.17,1,7,,,,,,,,,,,,0,0,6,11
Ivan Cavaleiro,17,Fulham,Forward,Portugal,26,25,10,11,3,0.12,0,3,0,0,0,13,4,31%,2,1,,,6,,,2,7,5,3,,,,,,,,,,1,357,14.28,2,59,,,,,,,,,,,,1,0,15,6
Aboubakar Kamara,47,Fulham,Forward,France,25,15,2,10,3,0.2,0,3,0,1,0,22,10,45%,0,4,,,8,,,0,1,5,2,,,,,,,,,,0,262,17.47,1,20,,,,,,,,,,,,2,0,26,7
Kiko Casilla,13,Leeds-United,Goalkeeper,Spain,33,0,0,0,0,,,,,,,,,,,,0,0,,,,,,,,,,,,,,,0,0,0,0,0.0,,,,,0,0,0,0,0,0,0,0,0,0,0,0,
Elia Caprile,25,Leeds-United,Goalkeeper,Italy,19,0,0,0,0,,,,,,,,,,,,0,0,,,,,,,,,,,,,,,0,0,0,0,0.0,,,,,0,0,0,0,0,0,0,0,0,0,0,0,
Luke Ayling,2,Leeds-United,Defender,England,29,2,1,1,0,,0,0,0,,,,,,0,,0,7,10,60%,0,0,0,4,2,0,9,17,10,5,1,2,0,0,0,108,54.0,0,3,3%,1,9,,,,,,,,,0,0,1,0
Barry Douglas,3,Leeds-United,Defender,Scotland,31,0,0,0,0,,0,0,0,,,,,,0,,0,0,0,0%,0,0,0,0,0,0,0,0,0,0,0,0,0,0,0,0,0.0,0,0,0%,0,0,,,,,,,,,0,0,0,0
Liam Cooper,6,Leeds-United,Defender,Scotland,29,3,1,2,0,,0,0,0,,,,,,0,,0,10,3,100%,0,0,6,23,4,0,9,14,6,2,7,5,0,0,0,70,23.33,0,0,0%,0,8,,,,,,,,,0,0,1,0
Pascal Struijk,21,Leeds-United,Defender,Netherlands,21,1,0,1,0,,0,0,0,,,,,,0,,0,4,4,25%,0,0,3,11,4,0,4,5,0,0,1,0,0,0,0,59,59.0,0,0,0%,0,8,,,,,,,,,0,0,0,0
Leif Davis,24,Leeds-United,Defender,England,20,0,0,0,0,,0,0,0,,,,,,0,,0,0,0,0%,0,0,0,0,0,0,0,0,0,0,0,0,0,0,0,0,0.0,0,0,0%,0,0,,,,,,,,,0,0,0,0
Robin Koch,5,Leeds-United,Defender,Germany,24,2,1,1,0,,0,0,0,,,,,,0,,0,7,5,80%,1,1,2,5,3,0,10,17,12,0,10,9,0,0,0,107,53.5,0,0,0%,0,4,,,,,,,,,0,0,3,0
Oliver Casey,49,Leeds-United,Defender,England,19,0,0,0,0,,0,0,0,,,,,,0,,0,0,0,0%,0,0,0,0,0,0,0,0,0,0,0,0,0,0,0,0,0.0,0,0,0%,0,0,,,,,,,,,0,0,0,0
Charlie Cresswell,35,Leeds-United,Defender,England,17,0,0,0,0,,0,0,0,,,,,,0,,0,0,0,0%,0,0,0,0,0,0,0,0,0,0,0,0,0,0,0,0,0.0,0,0,0%,0,0,,,,,,,,,0,0,0,0
Robbie Gotts,36,Leeds-United,Defender,England,20,0,0,0,0,,0,0,0,,,,,,0,,0,0,0,0%,0,0,0,0,0,0,0,0,0,0,0,0,0,0,0,0,0.0,0,0,0%,0,0,,,,,,,,,0,0,0,0
Adam Forshaw,4,Leeds-United,Midfielder,England,28,35,6,16,0,35.0,0,0,0,0,0,28,6,21%,0,2,,,62,69%,,9,36,23,10,,176,133,169,22,17,41,,0,1,1355,38.71,3,51,20%,8,99,,,,,,,,,4,0,33,1
Ezgjan Alioski,10,Leeds-United,Midfielder,,,1,1,0,0,1.0,0,0,0,0,0,1,1,100%,0,0,,,1,100%,,0,1,0,0,,2,2,4,0,0,1,,0,0,11,11.0,0,1,1%,0,0,,,,,,,,,0,0,1,0
Stuart Dallas,15,Leeds-United,Midfielder,Northern Ireland,29,2,1,1,0,2.0,0,0,0,0,0,0,0,0%,0,0,,,12,67%,,0,4,7,2,,18,19,5,2,1,0,,0,0,101,50.5,0,1,1%,1,7,,,,,,,,,0,0,0,0
Pablo Hernández,19,Leeds-United,Midfielder,Spain,35,58,15,26,5,0.09,0,4,1,0,0,78,21,27%,1,2,,,56,68%,,23,54,26,7,,203,159,254,54,6,33,,0,13,2341,40.36,12,183,17%,24,135,,,,,,,,,5,0,29,10
Kalvin Phillips,23,Leeds-United,Midfielder,England,24,2,1,1,0,2.0,0,0,0,0,0,1,0,1%,0,0,,,8,63%,,0,4,6,0,,15,12,7,0,2,2,,0,1,92,46.0,0,10,40%,0,7,,,,,,,,,0,0,0,0
Mateusz Klich,43,Leeds-United,Midfielder,Poland,30,2,1,1,2,1.0,0,2,0,1,0,2,2,100%,0,0,,,6,83%,,0,4,2,1,,16,11,18,1,3,2,,0,1,92,46.0,0,3,3%,0,1,,,,,,,,,1,0,5,1
Jamie Shackleton,46,Leeds-United,Midfielder,England,20,1,0,1,0,1.0,0,0,0,0,0,0,0,0%,0,0,,,1,100%,,0,0,0,0,,1,2,0,1,0,0,,0,0,3,3.0,0,0,0%,0,0,,,,,,,,,0,0,0,0
Jack Harrison,22,Leeds-United,Midfielder,England,23,2,1,1,1,0.5,0,1,0,0,0,3,1,33%,0,0,,,3,67%,,1,2,0,0,,7,11,15,3,2,2,,0,0,47,23.5,0,4,25%,0,0,,,,,,,,,0,0,1,3
Alfie McCalmont,38,Leeds-United,Midfielder,Northern Ireland,20,0,0,0,0,0.0,0,0,0,0,0,0,0,0%,0,0,,,0,0%,,0,0,0,0,,0,0,0,0,0,0,,0,0,0,0.0,0,0,0%,0,0,,,,,,,,,0,0,0,0
Mateusz Bogusz,44,Leeds-United,Midfielder,Poland,19,0,0,0,0,0.0,0,0,0,0,0,0,0,0%,0,0,,,0,0%,,0,0,0,0,,0,0,0,0,0,0,,0,0,0,0.0,0,0,0%,0,0,,,,,,,,,0,0,0,0
Ian Poveda-Ocampo,7,Leeds-United,Forward,England,20,0,0,0,0,0.0,0,0,0,0,0,0,0,0%,0,0,,,0,,,0,0,0,0,,,,,,,,,,0,0,0.0,0,0,,,,,,,,,,,,0,0,0,0
Patrick Bamford,9,Leeds-United,Forward,England,27,29,4,20,3,0.1,1,2,0,0,0,20,9,45%,1,2,,,14,,,6,6,9,5,,,,,,,,,,1,193,6.66,0,8,,,,,,,,,,,,1,0,23,7
Tyler Roberts,11,Leeds-United,Forward,Wales,21,3,1,1,0,3.0,0,0,0,0,0,2,1,50%,0,0,,,1,,,1,0,0,0,,,,,,,,,,0,33,11.0,0,2,,,,,,,,,,,,1,0,3,0
Joe Gelhardt,30,Leeds-United,Forward,England,18,0,0,0,0,0.0,0,0,0,0,0,0,0,0%,0,0,,,0,,,0,0,0,0,,,,,,,,,,0,0,0.0,0,0,,,,,,,,,,,,0,0,0,0
Rodrigo Moreno,20,Leeds-United,Forward,Spain,29,19,4,12,1,0.05,0,0,1,0,0,20,5,25%,1,0,,,15,,,6,12,5,2,,,,,,,,,,1,190,10.0,5,26,,,,,,,,,,,,0,0,9,2
Kasper Schmeichel,1,Leicester-City,Goalkeeper,Denmark,33,211,91,69,0,,,,,,,,,,,,65,264,,,,,,,,,,,,,,,1,6,0,6198,29.37,,,,,1880,599,5,101,158,84,142,655,1718,11,0,0,
Danny Ward,12,Leicester-City,Goalkeeper,Wales,27,2,1,1,0,,,,,,,,,,,,0,4,,,,,,,,,,,,,,,0,0,0,49,24.5,,,,,8,9,0,0,2,3,2,8,12,0,0,0,
Eldin Jakupovic,35,Leicester-City,Goalkeeper,Switzerland,35,28,9,13,0,,,,,,,,,,,,6,47,,,,,,,,,,,,,,,0,1,0,769,27.46,,,,,202,94,2,15,20,11,19,110,269,0,0,0,
James Justin,2,Leicester-City,Defender,England,22,15,8,4,1,,0,1,0,,,,,,1,,5,16,39,49%,0,2,15,28,17,0,75,96,90,8,24,42,1,0,1,792,52.8,1,46,17%,0,24,,,,,,,,,2,0,11,1
Çaglar Söyüncü,4,Leicester-City,Defender,Turkey,24,42,20,11,1,,1,0,0,,,,,,0,,13,39,69,65%,0,2,52,180,88,1,222,237,140,19,130,73,0,1,1,2696,64.19,1,6,17%,0,124,,,,,,,,,5,1,39,1
Wes Morgan,5,Leicester-City,Defender,Jamaica,36,168,70,60,8,,5,1,2,,,,,,0,,41,217,200,67%,3,22,313,879,526,1,585,797,493,44,503,310,2,2,2,4435,26.4,1,6,33%,2,220,,,,,,,,,12,3,129,5
Jonny Evans,6,Leicester-City,Defender,Northern Ireland,32,297,145,86,11,,7,4,0,,,,,,2,,82,297,457,72%,3,22,585,1843,777,4,1587,1417,825,86,641,399,5,5,9,13240,44.58,5,59,34%,9,1004,,,,,,,,,44,3,239,3
Filip Benkovic,16,Leicester-City,Defender,Croatia,23,0,0,0,0,,0,0,0,,,,,,0,,0,0,0,0%,0,0,0,0,0,0,0,0,0,0,0,0,0,0,0,0,0.0,0,0,0%,0,0,,,,,,,,,0,0,0,0
Daniel Amartey,18,Leicester-City,Defender,Ghana,25,46,17,19,1,,1,0,0,,,,,,0,,8,53,68,62%,0,3,50,76,44,0,248,153,156,9,59,51,0,0,1,1469,31.93,0,6,17%,0,72,,,,,,,,,5,1,41,1
Ricardo Pereira,21,Leicester-City,Defender,Portugal,26,63,29,24,5,,0,3,2,,,,,,1,,20,72,237,57%,3,13,109,180,93,0,387,557,459,128,108,123,0,0,8,3104,49.27,15,164,15%,7,102,,,,,,,,,8,0,86,2
Christian Fuchs,28,Leicester-City,Defender,Austria,34,107,48,32,2,,0,1,1,,,,,,1,,29,127,255,77%,1,16,248,365,197,1,615,513,423,32,201,153,1,1,9,4051,37.86,11,325,23%,5,276,,,,,,,,,15,0,79,2
Luke Thomas,33,Leicester-City,Defender,England,19,3,1,2,0,,0,0,0,,,,,,0,,1,4,1,1%,0,0,3,7,6,0,12,12,15,3,5,8,0,0,1,153,51.0,0,16,56%,0,6,,,,,,,,,0,0,1,0
Timothy Castagne,27,Leicester-City,Defender,Belgium,24,2,2,0,1,,1,0,0,,,,,,0,,1,2,4,25%,0,0,3,3,1,0,8,11,6,1,6,5,0,0,1,128,64.0,0,6,6%,0,1,,,,,,,,,0,0,1,0
Demarai Gray,7,Leicester-City,Midfielder,England,24,132,53,50,10,0.08,0,8,1,0,0,138,47,34%,2,9,,,76,64%,,45,39,39,9,,312,311,401,138,24,102,,1,9,1920,14.55,13,263,18%,10,73,,,,,,,,,7,0,36,12
Youri Tielemans,8,Leicester-City,Midfielder,Belgium,23,52,25,17,6,0.12,1,3,2,0,0,89,27,30%,1,1,,,71,55%,,28,32,23,10,,279,218,216,44,39,44,,0,10,2594,49.88,14,114,17%,24,152,,,,,,,,,4,0,43,1
James Maddison,10,Leicester-City,Midfielder,England,23,69,31,25,13,0.19,0,11,2,1,4,157,46,29%,2,11,,,107,58%,,54,21,10,4,,291,394,328,101,18,58,,0,10,2913,42.22,21,429,30%,41,152,,,,,,,,,7,1,62,6
Marc Albrighton,11,Leicester-City,Midfielder,England,30,258,91,94,17,0.07,2,13,2,0,1,220,70,32%,5,13,,,425,75%,,75,261,169,45,,1232,962,1124,284,69,184,,0,37,5597,21.69,60,1593,20%,33,363,,,,,,,,,32,1,167,17
Harvey Barnes,15,Leicester-City,Midfielder,England,22,57,26,21,8,0.14,0,7,1,0,0,112,43,38%,0,12,,,28,68%,,32,11,9,5,,138,180,192,78,37,51,,0,11,1083,19.0,9,67,12%,8,19,,,,,,,,,0,0,30,6
Hamza Choudhury,20,Leicester-City,Midfielder,England,22,37,16,13,1,0.03,0,1,0,0,0,13,4,31%,0,1,,,50,46%,,6,47,28,10,,106,86,96,5,17,17,,0,2,900,24.32,2,8,13%,1,41,,,,,,,,,3,1,24,0
Matty James,22,Leicester-City,Midfielder,England,29,42,12,21,0,42.0,0,0,0,0,0,38,8,21%,1,4,,,61,77%,,14,67,62,31,,197,172,146,25,62,48,,0,1,1260,30.0,3,110,28%,2,57,,,,,,,,,4,1,34,0
Adrien Silva,23,Leicester-City,Midfielder,Portugal,31,14,4,7,0,14.0,0,0,0,0,0,11,2,18%,0,0,,,24,63%,,5,15,1,1,,63,52,75,7,11,21,,0,1,512,36.57,1,4,4%,3,26,,,,,,,,,3,0,9,0
Wilfred Ndidi,25,Leicester-City,Midfielder,Nigeria,23,122,52,44,6,0.05,1,4,1,0,0,153,24,16%,5,4,,,482,62%,,42,253,297,145,,1022,1066,866,103,398,331,,1,5,6181,50.66,3,27,4%,15,284,,,,,,,,,20,2,189,5
Dennis Praet,26,Leicester-City,Midfielder,Belgium,26,29,13,11,2,0.07,0,2,0,0,0,21,5,24%,1,0,,,37,49%,,10,20,12,5,,85,72,89,15,7,16,,0,3,604,20.83,4,25,12%,2,21,,,,,,,,,2,0,20,1
Rachid Ghezzal,31,Leicester-City,Midfielder,Algeria,28,19,5,12,1,0.05,0,0,1,0,0,19,5,26%,1,1,,,14,,,10,7,3,2,,,,,,,,,,0,422,22.21,3,45,,,,,,,,,,,,3,0,13,0
Nampalys Mendy,24,Leicester-City,Midfielder,France,28,44,20,16,0,44.0,0,0,0,0,0,3,1,33%,0,0,,,45,58%,,1,37,30,7,,198,141,113,21,17,24,,1,0,1559,35.43,0,6,67%,2,66,,,,,,,,,7,0,34,0
Cengiz Ünder,,Leicester-City,Midfielder,Turkey,23,0,0,0,0,0.0,0,0,0,0,0,0,0,0%,0,0,,,0,0%,,0,0,0,0,,0,0,0,0,0,0,,0,0,0,0.0,0,0,0%,0,0,,,,,,,,,0,0,0,0
Jamie Vardy,9,Leicester-City,Forward,England,33,213,86,77,105,0.49,12,66,27,20,0,458,223,49%,15,78,,,124,,,82,59,90,62,,,,,,,,,,29,2961,13.9,50,256,,,,,,,,,,,,20,3,179,195
Islam Slimani,13,Leicester-City,Forward,Algeria,32,39,14,18,8,0.21,5,3,0,1,0,42,17,40%,2,9,,,14,,,5,4,6,4,,,,,,,,,,5,580,14.87,2,10,,,,,,,,,,,,2,0,30,15
Kelechi Iheanacho,14,Leicester-City,Forward,Nigeria,23,117,42,45,21,0.18,4,3,13,0,0,133,56,42%,2,17,,,38,,,39,11,21,13,,,,,,,,,,13,1327,11.34,15,27,,,,,,,,,,,,6,0,80,30
Ayoze Pérez,17,Leicester-City,Forward,Spain,27,178,58,79,41,0.23,6,29,6,1,0,275,114,41%,5,22,,,240,,,60,137,96,41,,,,,,,,,,13,3435,19.3,26,197,,,,,,,,,,,,9,0,182,46
Fousseni Diabaté,27,Leicester-City,Forward,Mali,24,15,3,7,0,15.0,0,0,0,0,0,6,2,33%,0,1,,,11,55%,,0,8,7,5,,35,57,53,16,15,13,,0,1,241,16.07,0,12,33%,1,4,,,,,,,,,1,0,1,2
Loris Karius,22,Liverpool,Goalkeeper,Germany,27,29,17,4,0,,,,,,,,,,,,13,26,,,,,,,,,,,,,,,0,2,0,789,27.21,,,,,124,51,1,15,14,7,17,144,150,1,0,2,
Alisson,1,Liverpool,Goalkeeper,Brazil,27,69,55,4,0,,,,,,,,,,,,35,48,,,,,,,,,,,,,,,0,4,1,1924,27.88,,,,,302,137,1,26,20,12,36,361,388,1,1,1,
Adrián,13,Liverpool,Goalkeeper,Spain,33,136,56,44,0,,,,,,,,,,,,37,177,,,,,,,,,,,,,,,0,9,0,3401,25.01,,,,,1086,454,5,54,150,53,108,531,1243,10,2,5,
Caoimhin Kelleher,62,Liverpool,Goalkeeper,Ireland,21,0,0,0,0,,,,,,,,,,,,0,0,,,,,,,,,,,,,,,0,0,0,0,0.0,,,,,0,0,0,0,0,0,0,0,0,0,0,0,
Kamil Grabara,73,Liverpool,Goalkeeper,Poland,21,0,0,0,0,,,,,,,,,,,,0,0,,,,,,,,,,,,,,,0,0,0,0,0.0,,,,,0,0,0,0,0,0,0,0,0,0,0,0,
Virgil van Dijk,4,Liverpool,Defender,Netherlands,29,159,98,30,14,,11,0,3,,,,,,12,,61,145,184,70%,4,27,278,924,528,2,837,1083,397,41,776,269,0,3,3,10554,66.38,13,3,33%,11,737,,,,,,,,,8,1,88,4
Joseph Gomez,12,Liverpool,Defender,England,23,73,52,6,0,,0,0,0,,,,,,0,,31,49,111,74%,1,4,100,166,78,0,406,322,245,39,140,109,0,0,3,4387,60.1,2,68,24%,2,196,,,,,,,,,15,0,58,1
Andrew Robertson,26,Liverpool,Defender,Scotland,26,153,86,36,4,,2,0,2,,,,,,3,,44,158,270,63%,4,19,191,282,114,3,880,522,466,109,92,97,0,1,33,8312,54.33,40,655,17%,8,324,,,,,,,,,20,0,80,11
Joel Matip,32,Liverpool,Defender,Cameroon,29,86,58,7,4,,3,1,0,,,,,,4,,29,69,134,70%,0,10,125,362,205,1,419,428,201,21,233,94,0,2,0,5249,61.03,2,6,6%,6,258,,,,,,,,,9,0,52,1
Trent Alexander-Arnold,66,Liverpool,Defender,England,21,95,74,8,6,,0,6,0,,,,,,3,,31,69,158,64%,1,27,114,184,64,1,546,264,319,57,31,73,0,1,26,5323,56.03,32,708,23%,11,394,,,,,,,,,11,0,50,10
Neco Williams,76,Liverpool,Defender,Wales,19,6,4,1,0,,0,0,0,,,,,,0,,0,2,5,60%,0,5,9,3,1,0,16,19,15,6,6,3,0,0,0,167,27.83,0,14,29%,1,11,,,,,,,,,1,0,5,0
Konstantinos Tsimikas,21,Liverpool,Defender,Greece,24,0,0,0,0,,0,0,0,,,,,,0,,0,0,0,0%,0,0,0,0,0,0,0,0,0,0,0,0,0,0,0,0,0.0,0,0,0%,0,0,,,,,,,,,0,0,0,0
Nathaniel Phillips,47,Liverpool,Defender,England,23,0,0,0,0,,0,0,0,,,,,,0,,0,0,0,0%,0,0,0,0,0,0,0,0,0,0,0,0,0,0,0,0,0.0,0,0,0%,0,0,,,,,,,,,0,0,0,0
Sepp van den Berg,72,Liverpool,Defender,Netherlands,18,0,0,0,0,,0,0,0,,,,,,0,,0,0,0,0%,0,0,0,0,0,0,0,0,0,0,0,0,0,0,0,0,0.0,0,0,0%,0,0,,,,,,,,,0,0,0,0
Fabinho,3,Liverpool,Midfielder,Brazil,26,58,46,4,3,0.05,1,2,0,0,0,29,8,28%,0,1,,,126,55%,,11,67,43,17,,292,293,242,19,99,69,,0,5,3291,56.74,4,19,37%,5,157,,,,,,,,,12,0,63,0
Georginio Wijnaldum,5,Liverpool,Midfielder,Netherlands,29,181,111,32,25,0.14,8,16,1,1,0,224,86,38%,2,16,,,200,68%,,55,117,124,68,,989,696,725,194,142,197,,2,16,7603,42.01,15,67,24%,13,240,,,,,,,,,7,0,84,15
James Milner,7,Liverpool,Midfielder,England,34,539,272,133,55,0.1,1,38,8,17,4,496,151,30%,7,14,,,803,77%,,174,437,423,126,,1751,1843,2223,310,337,514,,2,84,16171,30.0,46,2247,23%,110,882,,,,,,,,,65,3,438,45
Naby Keita,8,Liverpool,Midfielder,Guinea,25,45,36,2,4,0.09,1,3,0,0,0,40,17,43%,1,4,,,69,42%,,11,25,17,6,,202,164,174,50,20,31,,0,4,1760,39.11,6,12,12%,12,32,,,,,,,,,1,0,35,1
Jordan Henderson,14,Liverpool,Midfielder,England,30,342,185,79,30,0.09,1,22,7,1,2,344,99,29%,9,16,,,673,71%,,98,437,336,130,,1878,1182,1223,135,243,241,,1,46,17932,52.43,49,792,23%,129,1188,,,,,,,,,34,2,299,29
Alex Oxlade-Chamberlain,15,Liverpool,Midfielder,England,27,196,114,41,16,0.08,0,14,2,0,0,237,65,27%,8,11,,,188,74%,,87,133,75,25,,566,707,704,344,76,131,,3,22,4570,23.32,27,421,20%,53,250,,,,,,,,,10,0,104,13
Marko Grujic,16,Liverpool,Midfielder,Serbia,24,8,4,3,0,8.0,0,0,0,0,0,4,2,50%,0,0,,,3,67%,,0,0,0,0,,3,12,7,2,5,3,,0,0,47,5.88,0,0,0%,0,0,,,,,,,,,1,0,2,0
Curtis Jones,17,Liverpool,Midfielder,England,19,7,6,0,1,0.14,0,1,0,0,0,6,2,33%,0,0,,,4,100%,,1,2,0,0,,17,9,18,3,2,5,,0,0,143,20.43,0,0,0%,0,3,,,,,,,,,0,0,4,0
Harry Wilson,59,Liverpool,Midfielder,Wales,23,31,7,19,7,0.23,0,0,7,0,2,56,20,36%,1,2,,,23,57%,,25,11,11,5,,85,87,92,17,6,22,,0,0,575,18.55,4,35,11%,6,42,,,,,,,,,2,0,12,1
Harvey Elliott,67,Liverpool,Midfielder,England,17,4,2,2,0,4.0,0,0,0,0,0,1,1,100%,0,0,,,0,0%,,0,0,0,0,,4,1,1,1,0,0,,0,0,22,5.5,0,3,3%,0,1,,,,,,,,,0,0,0,0
Xherdan Shaqiri,23,Liverpool,Midfielder,Switzerland,28,115,49,37,22,0.19,1,3,18,0,3,187,64,34%,4,10,,,70,54%,,50,43,15,8,,446,330,467,121,16,48,,0,18,3039,26.43,32,555,26%,55,175,,,,,,,,,12,0,79,30
Thiago,6,Liverpool,Midfielder,Spain,29,1,1,0,0,1.0,0,0,0,0,0,1,0,1%,0,0,,,1,1%,,0,1,0,0,,3,2,7,0,1,1,,0,0,82,82.0,0,1,1%,0,10,,,,,,,,,0,0,3,0
Roberto Firmino,9,Liverpool,Forward,Brazil,28,177,115,23,57,0.32,13,29,14,2,0,424,182,43%,10,51,,,259,,,121,73,61,47,,,,,,,,,,36,6222,35.15,50,159,,,,,,,,,,,,8,0,206,60
Sadio Mané,10,Liverpool,Forward,Senegal,28,196,121,35,86,0.44,11,52,23,0,0,445,190,43%,13,65,,,226,,,92,97,53,26,,,,,,,,,,29,6136,31.31,43,278,,,,,,,,,,,,21,3,215,117
Mohamed Salah,11,Liverpool,Forward,Egypt,28,123,90,12,78,0.63,4,11,63,9,0,449,201,45%,11,58,,,58,,,114,25,11,6,,,,,,,,,,29,3357,27.29,41,200,,,,,,,,,,,,4,0,63,65
Takumi Minamino,18,Liverpool,Forward,Japan,25,11,7,3,0,11.0,0,0,0,0,0,8,2,25%,0,1,,,3,,,3,0,3,0,,,,,,,,,,0,107,9.73,0,2,,,,,,,,,,,,0,0,7,0
Rhian Brewster,24,Liverpool,Forward,England,20,0,0,0,0,0.0,0,0,0,0,0,0,0,0%,0,0,,,0,,,0,0,0,0,,,,,,,,,,0,0,0.0,0,0,,,,,,,,,,,,0,0,0,0
Divock Origi,27,Liverpool,Forward,Belgium,25,91,57,14,19,0.21,6,11,2,0,0,89,39,44%,4,8,,,34,,,22,7,9,3,,,,,,,,,,6,861,9.46,3,68,,,,,,,,,,,,1,0,47,26
Ben Woodburn,58,Liverpool,Forward,Wales,20,6,5,1,0,6.0,0,0,0,0,0,2,0,2%,0,0,,,4,75%,,2,0,0,0,,6,7,12,1,1,3,,0,0,40,6.67,0,5,20%,0,0,,,,,,,,,0,0,2,0
Diogo Jota,20,Liverpool,Forward,Portugal,23,67,27,19,16,0.24,0,8,8,0,0,127,50,39%,4,20,,,56,,,35,22,20,14,,,,,,,,,,6,1585,23.66,13,74,,,,,,,,,,,,15,0,84,9
Ederson,31,Manchester-City,Goalkeeper,Brazil,27,110,87,14,0,,,,,,,,,,,,52,78,,,,,,,,,,,,,,,0,5,1,2781,25.28,,,,,405,184,2,28,45,13,76,538,496,6,1,4,
Scott Carson,33,Manchester-City,Goalkeeper,England,35,145,44,66,0,,,,,,,,,,,,30,222,,,,,,,,,,,,,,,1,10,2,2722,18.77,,,,,832,433,3,66,161,164,23,489,1385,6,1,4,
Zack Steffen,,Manchester-City,Goalkeeper,United States,25,0,0,0,0,,,,,,,,,,,,0,0,,,,,,,,,,,,,,,0,0,0,0,0.0,,,,,0,0,0,0,0,0,0,0,0,0,0,0,
Nathan Aké,6,Manchester-City,Defender,Netherlands,25,147,52,67,12,,6,1,5,,,,,,4,,30,221,255,63%,3,20,206,757,413,5,634,661,443,29,314,273,0,0,6,5634,38.33,9,61,20%,3,260,,,,,,,,,15,1,97,7
Kyle Walker,2,Manchester-City,Defender,England,30,293,183,50,7,,0,6,1,,,,,,3,,99,270,600,76%,4,55,498,820,355,4,1592,1510,1104,239,446,292,2,6,29,15694,53.56,25,748,17%,29,900,,,,,,,,,45,1,239,22
John Stones,5,Manchester-City,Defender,England,26,163,90,39,1,,1,0,0,,,,,,1,,43,161,180,74%,4,7,191,601,338,4,717,664,316,96,330,172,0,7,0,8950,54.91,5,18,28%,2,587,,,,,,,,,7,0,45,3
Oleksandr Zinchenko,11,Manchester-City,Defender,Ukraine,23,41,34,6,0,41.0,0,0,0,0,0,28,6,21%,0,0,,,88,63%,,11,43,42,27,,188,173,161,11,66,58,,2,3,3066,74.78,5,101,20%,3,86,,,,,,,,,2,1,35,4
Aymeric Laporte,14,Manchester-City,Defender,France,26,59,50,6,4,,4,0,0,,,,,,0,,25,31,63,52%,0,7,70,147,88,0,342,226,144,8,127,79,0,0,3,4957,84.02,1,8,13%,1,274,,,,,,,,,5,0,40,2
Benjamin Mendy,22,Manchester-City,Defender,France,26,37,29,3,0,,0,0,0,,,,,,1,,11,21,40,75%,0,11,35,43,27,0,175,104,164,32,28,47,0,2,8,1999,54.03,7,176,23%,2,53,,,,,,,,,7,0,32,1
João Cancelo,27,Manchester-City,Defender,Portugal,26,17,12,4,0,,0,0,0,,,,,,0,,5,11,40,60%,0,3,21,16,12,0,99,104,79,37,19,22,0,0,0,1010,59.41,6,47,15%,0,38,,,,,,,,,4,0,17,0
Nicolás Otamendi,30,Manchester-City,Defender,Argentina,32,136,94,22,8,,5,3,0,,,,,,2,,49,116,269,68%,1,21,286,649,388,5,707,766,476,32,388,246,1,5,1,9366,68.87,3,7,14%,8,432,,,,,,,,,31,0,118,1
Eric García,50,Manchester-City,Defender,Spain,19,13,11,2,0,,0,0,0,,,,,,0,,3,7,6,17%,0,0,18,31,14,0,38,25,34,6,11,20,0,0,0,728,56.0,0,1,100%,0,26,,,,,,,,,1,0,9,0
Patrick Roberts,,Manchester-City,Midfielder,England,23,6,0,6,0,6.0,0,0,0,0,0,0,0,0%,0,0,,,1,100%,,0,0,0,0,,2,10,3,6,0,0,,0,0,30,5.0,0,0,0%,0,2,,,,,,,,,1,0,2,0
Ilkay Gündogan,8,Manchester-City,Midfielder,Germany,29,102,75,17,15,0.15,2,10,3,2,1,127,34,27%,3,7,,,83,60%,,47,84,45,19,,462,262,273,74,43,56,,0,6,5854,57.39,12,143,29%,36,224,,,,,,,,,13,0,45,2
Rodrigo,16,Manchester-City,Midfielder,Spain,24,36,25,8,3,0.08,1,2,0,0,0,25,9,36%,0,0,,,53,58%,,4,27,32,19,,235,177,147,33,59,31,,0,2,2673,74.25,3,8,25%,2,174,,,,,,,,,9,0,45,0
Kevin De Bruyne,17,Manchester-City,Midfielder,Belgium,29,156,109,22,37,0.24,0,28,9,3,3,367,133,36%,20,13,,,214,68%,,97,88,59,30,,758,633,768,221,64,103,,1,67,8407,53.89,97,1109,26%,131,436,,,,,,,,,14,0,122,16
Bernardo Silva,20,Manchester-City,Midfielder,Portugal,26,105,81,15,19,0.18,2,1,16,0,0,139,51,37%,3,17,,,115,65%,,50,59,46,14,,366,334,378,118,30,65,,0,18,4015,38.24,21,192,20%,13,132,,,,,,,,,8,0,63,4
Fernandinho,25,Manchester-City,Midfielder,Brazil,35,225,156,36,18,0.08,2,14,2,0,0,217,63,29%,3,11,,,549,70%,,50,353,415,267,,1300,1338,1193,184,427,339,,0,16,14806,65.8,24,69,22%,75,650,,,,,,,,,46,4,324,4
Phil Foden,47,Manchester-City,Midfielder,England,20,42,38,3,7,0.17,1,1,5,0,0,50,22,44%,1,3,,,25,76%,,11,10,4,1,,52,99,96,40,13,29,,0,3,819,19.5,3,38,24%,7,21,,,,,,,,,0,0,17,1
Tommy Doyle,69,Manchester-City,Midfielder,England,18,1,1,0,0,1.0,0,0,0,0,0,1,1,100%,0,0,,,0,0%,,0,0,0,0,,1,1,1,0,0,0,,0,0,20,20.0,0,0,0%,0,0,,,,,,,,,0,0,0,0
Adrián Bernabé,82,Manchester-City,Midfielder,Spain,19,0,0,0,0,0.0,0,0,0,0,0,0,0,0%,0,0,,,0,0%,,0,0,0,0,,0,0,0,0,0,0,,0,0,0,0.0,0,0,0%,0,0,,,,,,,,,0,0,0,0
Ferran Torres,21,Manchester-City,Forward,Spain,20,1,1,0,0,1.0,0,0,0,0,0,0,0,0%,0,0,,,0,,,0,0,0,0,,,,,,,,,,0,1,1.0,0,0,,,,,,,,,,,,0,0,0,0
Raheem Sterling,7,Manchester-City,Forward,England,25,260,161,55,86,0.33,6,55,25,1,0,545,222,41%,20,72,,,256,,,155,125,52,20,,,,,,,,,,45,8317,31.99,61,514,,,,,,,,,,,,28,1,297,95
Gabriel Jesus,9,Manchester-City,Forward,Brazil,23,103,80,12,42,0.41,8,22,12,2,0,227,122,54%,7,58,,,56,,,38,25,17,13,,,,,,,,,,17,1830,17.77,16,14,,,,,,,,,,,,13,0,79,59
Sergio Agüero,10,Manchester-City,Forward,Argentina,32,263,177,44,180,0.68,18,127,34,26,0,996,411,41%,34,126,,,150,,,230,73,14,3,,,,,,,,,,46,6134,23.32,59,176,,,,,,,,,,,,23,1,167,194
Riyad Mahrez,26,Manchester-City,Forward,Algeria,29,199,98,58,57,0.29,3,9,44,8,3,426,185,43%,10,28,,,211,,,125,141,50,22,,,,,,,,,,40,6019,30.25,80,741,,,,,,,,,,,,7,0,117,45
Liam Delap,48,Manchester-City,Forward,England,17,0,0,0,0,0.0,0,0,0,0,0,0,0,0%,0,0,,,0,,,0,0,0,0,,,,,,,,,,0,0,0.0,0,0,,,,,,,,,,,,0,0,0,0
David de Gea,1,Manchester-United,Goalkeeper,Spain,29,314,174,66,0,,,,,,,,,,,,113,317,,,,,,,,,,,,,,,1,13,0,7009,22.32,,,,,1943,870,2,108,185,107,87,1205,2452,6,0,1,
Lee Grant,,Manchester-United,Goalkeeper,England,37,31,10,12,0,,,,,,,,,,,,9,41,,,,,,,,,,,,,,,0,0,0,959,30.94,,,,,365,99,0,21,24,16,21,114,301,1,0,0,
Sergio Romero,22,Manchester-United,Goalkeeper,Argentina,33,7,4,1,0,,,,,,,,,,,,6,2,,,,,,,,,,,,,,,0,0,0,181,25.86,,,,,54,20,1,1,10,2,5,39,38,0,0,0,
Dean Henderson,26,Manchester-United,Goalkeeper,England,23,36,14,11,0,,,,,,,,,,,,13,33,,,,,,,,,,,,,,,0,1,0,934,25.94,,,,,265,97,1,16,16,7,8,106,261,2,0,0,
Victor Lindelöf,2,Manchester-United,Defender,Sweden,26,83,41,19,2,,1,0,1,,,,,,0,,23,89,86,62%,1,5,63,311,161,0,461,319,191,16,188,117,2,1,1,4419,53.24,5,4,4%,3,172,,,,,,,,,8,0,53,0
Eric Bailly,3,Manchester-United,Defender,Cote D'Ivoire,26,54,35,7,1,,0,1,0,,,,,,1,,21,35,92,67%,1,3,102,226,88,0,281,229,123,23,75,42,1,0,0,1682,31.15,0,2,2%,1,100,,,,,,,,,6,1,45,0
Phil Jones,4,Manchester-United,Defender,England,28,200,104,44,2,,1,1,0,,,,,,3,,60,170,394,73%,11,19,404,1073,560,3,872,1051,608,75,407,237,2,1,6,7835,39.18,11,137,20%,13,485,,,,,,,,,27,0,155,3
Harry Maguire,5,Manchester-United,Defender,England,27,140,50,58,8,,4,4,0,,,,,,4,,32,195,191,69%,3,23,233,639,396,0,871,895,433,107,494,202,0,1,7,7325,52.32,9,34,15%,6,646,,,,,,,,,26,1,117,17
Chris Smalling,12,Manchester-United,Defender,England,30,219,122,56,12,,8,2,2,,,,,,2,,66,210,283,68%,8,32,360,1287,670,0,897,1082,629,59,645,324,4,3,2,8092,36.95,3,63,35%,7,517,,,,,,,,,18,1,192,14
Marcos Rojo,16,Manchester-United,Defender,Argentina,30,76,45,10,1,,0,0,1,,,,,,0,,21,58,140,71%,0,14,130,383,213,0,358,351,264,26,154,113,1,1,1,3503,46.09,1,83,22%,2,238,,,,,,,,,23,0,81,2
Diogo Dalot,20,Manchester-United,Defender,Portugal,21,20,9,7,0,,0,0,0,,,,,,0,,1,19,27,52%,0,5,12,31,13,0,58,65,37,11,25,6,0,0,2,474,23.7,5,53,26%,0,10,,,,,,,,,3,0,13,2
Luke Shaw,23,Manchester-United,Defender,England,25,157,68,39,1,,0,0,1,,,,,,2,,43,141,275,73%,3,31,167,464,228,0,681,821,630,163,261,198,0,1,7,6663,42.44,14,425,21%,9,171,,,,,,,,,29,1,138,7
Timothy Fosu-Mensah,24,Manchester-United,Defender,Netherlands,22,49,17,23,0,,0,0,0,,,,,,0,,5,51,80,69%,3,5,65,110,49,0,175,151,135,24,31,46,1,1,1,1316,26.86,2,40,23%,2,59,,,,,,,,,8,0,36,2
Aaron Wan-Bissaka,29,Manchester-United,Defender,England,22,77,32,26,0,,0,0,0,,,,,,0,,25,89,287,66%,0,7,165,221,100,1,423,529,300,128,76,75,0,0,7,3019,39.21,8,179,17%,3,72,,,,,,,,,13,1,46,3
Axel Tuanzebe,38,Manchester-United,Defender,England,22,10,4,3,0,,0,0,0,,,,,,0,,1,7,11,64%,0,1,12,12,9,0,28,24,37,1,5,17,0,1,0,279,27.9,0,1,1%,0,6,,,,,,,,,0,0,9,0
Brandon Williams,33,Manchester-United,Defender,England,20,17,8,3,1,,0,1,0,,,,,,0,,4,11,21,71%,0,1,16,14,10,0,68,62,53,16,10,9,0,0,0,551,32.41,0,12,25%,1,16,,,,,,,,,6,0,13,1
Teden Mengi,71,Manchester-United,Defender,England,18,0,0,0,0,,0,0,0,,,,,,0,,0,0,0,0%,0,0,0,0,0,0,0,0,0,0,0,0,0,0,0,0,0.0,0,0,0%,0,0,,,,,,,,,0,0,0,0
Paul Pogba,6,Manchester-United,Midfielder,France,27,112,63,18,25,0.22,4,19,2,7,0,301,110,37%,11,21,,,157,67%,,81,83,116,77,,718,824,753,239,224,159,,1,26,7139,63.74,21,105,14%,68,547,,,,,,,,,19,1,190,13
Juan Mata,8,Manchester-United,Midfielder,Spain,32,262,136,61,51,0.19,2,7,42,2,8,362,133,37%,11,29,,,196,71%,,99,132,63,5,,1084,616,890,173,22,68,,1,52,11379,43.43,68,1099,24%,89,641,,,,,,,,,19,1,134,102
Jesse Lingard,14,Manchester-United,Midfielder,England,27,133,68,31,18,0.14,2,15,1,1,0,178,69,39%,6,18,,,130,68%,,53,52,34,4,,336,358,526,96,19,100,,0,10,3536,26.59,18,121,16%,30,59,,,,,,,,,15,0,140,20
Andreas Pereira,15,Manchester-United,Midfielder,Brazil,24,45,21,13,2,0.04,0,1,1,0,0,45,16,36%,0,1,,,34,62%,,14,20,12,4,,140,101,213,32,13,49,,1,4,1111,24.69,8,88,19%,3,42,,,,,,,,,10,0,42,4
Fred,17,Manchester-United,Midfielder,Brazil,27,46,22,14,1,0.02,0,1,0,0,0,57,12,21%,3,1,,,89,55%,,13,54,35,9,,339,205,250,50,12,32,,1,1,2437,52.98,4,76,25%,6,170,,,,,,,,,10,0,67,2
Bruno Fernandes,18,Manchester-United,Midfielder,Portugal,26,15,9,1,8,0.53,0,8,0,4,1,47,19,40%,3,4,,,24,54%,,9,11,14,9,,75,57,76,15,3,11,,0,7,871,58.07,3,87,21%,8,52,,,,,,,,,2,0,10,2
Daniel James,21,Manchester-United,Midfielder,Wales,22,34,15,9,3,0.09,0,3,0,0,0,43,20,47%,0,2,,,22,50%,,11,7,6,1,,94,111,141,27,8,26,,0,6,722,21.24,6,100,15%,4,13,,,,,,,,,4,0,14,2
Nemanja Matic,31,Manchester-United,Midfielder,Serbia,32,208,127,36,6,0.03,0,2,4,0,0,134,35,26%,3,7,,,491,69%,,46,337,406,255,,1583,1196,1009,235,343,239,,1,19,12463,59.92,11,92,20%,26,741,,,,,,,,,36,3,234,14
Scott McTominay,39,Manchester-United,Midfielder,Scotland,23,59,33,13,6,0.1,0,4,2,0,0,48,17,35%,0,3,,,69,64%,,17,62,62,39,,259,288,224,38,94,69,,1,1,1926,32.64,2,22,18%,4,94,,,,,,,,,6,0,59,1
Donny van de Beek,34,Manchester-United,Midfielder,Netherlands,23,1,0,1,1,1.0,0,1,0,0,0,1,1,100%,0,0,,,1,1%,,0,0,0,0,,1,1,3,0,0,1,,0,0,22,22.0,0,0,0%,0,0,,,,,,,,,0,0,0,0
Anthony Martial,9,Manchester-United,Forward,France,24,146,73,37,51,0.35,4,36,11,2,0,268,122,46%,5,24,,,77,,,72,29,56,30,,,,,,,,,,23,3712,25.42,35,200,,,,,,,,,,,,8,0,125,49
Marcus Rashford,10,Manchester-United,Forward,England,22,143,76,28,44,0.31,4,35,5,6,1,301,130,43%,9,39,,,74,,,75,35,70,34,,,,,,,,,,21,2979,20.83,27,258,,,,,,,,,,,,12,1,90,52
Odion Ighalo,25,Manchester-United,Forward,Nigeria,31,67,23,27,16,0.24,1,12,3,0,0,153,62,41%,3,25,,,39,,,36,18,30,16,,,,,,,,,,4,1045,15.6,1,20,,,,,,,,,,,,5,0,65,37
Mason Greenwood,11,Manchester-United,Forward,England,18,35,14,10,10,0.29,0,2,8,0,0,49,24,49%,2,5,,,20,,,9,6,6,2,,,,,,,,,,1,577,16.49,1,12,,,,,,,,,,,,0,0,12,5
Mark Gillespie,29,Newcastle-United,Goalkeeper,England,28,0,0,0,0,,,,,,,,,,,,0,0,,,,,,,,,,,,,,,0,0,0,0,0.0,,,,,0,0,0,0,0,0,0,0,0,0,0,0,
Martin Dubravka,1,Newcastle-United,Goalkeeper,Slovakia,31,88,29,38,0,,,,,,,,,,,,26,117,,,,,,,,,,,,,,,0,9,0,2318,26.34,,,,,653,261,1,39,75,16,32,291,756,1,0,0,
Karl Darlow,26,Newcastle-United,Goalkeeper,England,29,21,5,8,0,,,,,,,,,,,,6,29,,,,,,,,,,,,,,,1,1,0,554,26.38,,,,,171,65,1,13,30,5,9,73,174,0,0,0,
Daniel Langley,41,Newcastle-United,Goalkeeper,England,19,0,0,0,0,,,,,,,,,,,,0,0,,,,,,,,,,,,,,,0,0,0,0,0.0,,,,,0,0,0,0,0,0,0,0,0,0,0,0,
Ciaran Clark,2,Newcastle-United,Defender,Ireland,30,179,45,85,14,,11,0,3,,,,,,3,,29,270,306,74%,5,18,304,1256,580,5,683,872,605,48,420,305,0,4,5,5675,31.7,10,41,20%,2,371,,,,,,,,,47,2,171,2
Paul Dummett,3,Newcastle-United,Defender,Wales,28,128,42,56,2,,0,0,2,,,,,,1,,27,151,216,75%,1,10,177,606,348,1,387,590,345,21,305,199,2,2,0,3814,29.8,4,202,19%,1,229,,,,,,,,,12,1,58,1
Fabian Schär,5,Newcastle-United,Defender,Switzerland,28,46,17,21,6,,1,3,2,,,,,,0,,11,60,99,61%,0,7,114,209,106,2,225,268,229,30,99,99,0,2,1,1755,38.15,1,29,10%,5,228,,,,,,,,,17,0,57,3
Jamaal Lascelles,6,Newcastle-United,Defender,England,26,109,34,48,6,,6,0,0,,,,,,0,,30,123,90,54%,5,3,123,645,364,2,546,489,275,15,343,171,0,4,1,3699,33.94,2,5,5%,2,237,,,,,,,,,16,1,69,3
Emil Krafth,17,Newcastle-United,Defender,Sweden,26,17,5,8,0,,0,0,0,,,,,,0,,2,23,18,67%,0,1,8,40,22,0,43,36,28,4,8,9,0,0,1,329,19.35,1,20,5%,0,10,,,,,,,,,0,0,4,0
Federico Fernández,18,Newcastle-United,Defender,Argentina,31,170,55,72,4,,2,1,0,,,,,,2,,43,235,254,73%,0,13,305,1070,633,0,756,777,578,24,399,295,4,3,7,7218,42.46,5,48,19%,2,523,,,,,,,,,25,0,135,8
Javier Manquillo,19,Newcastle-United,Defender,Spain,26,92,25,45,1,,0,1,0,,,,,,0,,18,109,171,67%,0,2,100,221,95,0,310,359,299,47,88,85,0,0,5,2235,24.29,4,168,14%,1,79,,,,,,,,,15,0,72,11
DeAndre Yedlin,22,Newcastle-United,Defender,United States,27,103,29,48,2,,1,1,0,,,,,,0,,19,121,169,64%,2,5,107,269,110,3,385,398,390,60,109,134,2,0,5,2500,24.27,6,219,23%,3,90,,,,,,,,,16,1,102,15
Jamal Lewis,15,Newcastle-United,Defender,Northern Ireland,22,30,4,24,1,,0,0,1,,,,,,0,,3,59,53,70%,0,2,27,57,20,0,150,122,107,34,9,24,0,0,0,1101,36.7,1,48,25%,1,33,,,,,,,,,5,0,16,2
Jacob Murphy,23,Newcastle-United,Midfielder,England,25,34,6,22,1,0.03,0,1,0,0,0,24,8,33%,0,1,,,19,63%,,7,7,15,3,,97,76,120,37,11,27,,0,2,325,9.56,4,56,18%,1,11,,,,,,,,,0,0,12,1
Jonjo Shelvey,8,Newcastle-United,Midfielder,England,28,215,77,86,20,0.09,1,16,3,2,1,374,114,30%,12,17,,,261,71%,,105,198,175,61,,1111,573,609,135,109,101,,3,23,8878,41.29,30,610,24%,67,976,,,,,,,,,33,4,178,12
Matt Ritchie,11,Newcastle-United,Midfielder,Scotland,31,128,38,58,11,0.09,1,1,9,1,0,206,51,25%,5,7,,,193,68%,,76,150,173,80,,637,507,649,58,113,211,,1,20,4121,32.2,27,753,25%,16,222,,,,,,,,,24,0,159,8
Isaac Hayden,14,Newcastle-United,Midfielder,England,25,82,31,31,3,0.04,1,2,0,0,0,55,17,31%,0,2,,,171,56%,,20,104,102,49,,316,424,372,45,161,122,,0,6,2149,26.21,9,66,24%,6,69,,,,,,,,,15,2,92,2
Miguel Almirón,24,Newcastle-United,Midfielder,Paraguay,26,48,17,18,4,0.08,0,2,2,0,0,76,25,33%,2,11,,,81,63%,,25,39,20,8,,256,222,205,53,11,37,,0,3,1098,22.88,4,65,25%,3,28,,,,,,,,,5,0,37,28
Christian Atsu,30,Newcastle-United,Midfielder,Ghana,28,80,25,32,3,0.04,0,0,3,0,0,72,28,39%,0,4,,,52,77%,,17,26,41,17,,245,217,380,73,32,142,,0,6,1096,13.7,12,117,19%,8,24,,,,,,,,,5,0,34,14
Sean Longstaff,36,Newcastle-United,Midfielder,England,22,33,12,15,2,0.06,0,1,1,0,0,33,9,27%,1,0,,,52,62%,,10,29,28,8,,119,123,134,12,26,33,,1,1,925,28.03,3,36,28%,1,64,,,,,,,,,4,1,24,0
Matthew Longstaff,4,Newcastle-United,Midfielder,England,20,9,2,4,2,0.22,0,2,0,0,0,4,2,50%,1,0,,,3,33%,,1,5,3,1,,38,17,29,3,6,5,,0,0,255,28.33,1,2,50%,1,10,,,,,,,,,1,0,6,0
Jeff Hendrick,16,Newcastle-United,Midfielder,Ireland,28,124,41,55,10,0.08,1,8,1,0,0,99,25,25%,0,7,,,91,55%,,38,80,93,45,,510,349,520,84,94,147,,0,6,3063,24.7,7,95,20%,10,134,,,,,,,,,19,1,97,34
Ryan Fraser,21,Newcastle-United,Midfielder,Scotland,26,121,34,59,16,0.13,0,13,3,0,1,132,61,46%,1,7,,,57,65%,,38,67,80,34,,413,364,360,66,31,97,,0,26,3469,28.67,41,711,23%,16,94,,,,,,,,,7,0,40,14
Henri Saivet,28,Newcastle-United,Midfielder,Senegal,29,5,3,2,1,0.2,0,1,0,0,1,1,1,100%,0,0,,,18,67%,,0,9,10,3,,24,23,20,1,3,7,,1,0,106,21.2,0,2,2%,0,4,,,,,,,,,0,0,1,0
Daniel Barlaser,32,Newcastle-United,Midfielder,England,23,0,0,0,0,0.0,0,0,0,0,0,0,0,0%,0,0,,,0,0%,,0,0,0,0,,0,0,0,0,0,0,,0,0,0,0.0,0,0,0%,0,0,,,,,,,,,0,0,0,0
Andy Carroll,7,Newcastle-United,Forward,England,31,232,81,92,53,0.23,24,6,23,2,1,534,172,32%,12,49,,,103,,,107,74,323,195,,,,,,,,,,22,4726,20.37,28,114,,,,,,,,,,,,33,2,321,77
Joelinton,9,Newcastle-United,Forward,Brazil,24,40,12,17,2,0.05,0,1,1,0,0,51,15,29%,1,8,,,36,,,13,11,31,20,,,,,,,,,,2,836,20.9,3,6,,,,,,,,,,,,7,0,32,22
Allan Saint-Maximin,10,Newcastle-United,Forward,France,23,28,11,9,3,0.11,1,2,0,0,0,47,21,45%,2,4,,,15,,,14,9,5,1,,,,,,,,,,4,458,16.36,8,46,,,,,,,,,,,,0,0,19,3
Dwight Gayle,12,Newcastle-United,Forward,England,29,119,28,64,25,0.21,2,16,7,2,2,160,59,37%,4,23,,,61,,,41,26,41,26,,,,,,,,,,6,1201,10.09,6,64,,,,,,,,,,,,8,1,77,34
Callum Wilson,13,Newcastle-United,Forward,England,28,128,39,60,42,0.33,7,26,7,5,0,226,91,40%,5,42,,,41,,,47,19,48,31,,,,,,,,,,12,1694,13.23,21,78,,,,,,,,,,,,13,0,177,94
Wes Foderingham,18,Sheffield-United,Goalkeeper,England,29,0,0,0,0,,,,,,,,,,,,0,0,,,,,,,,,,,,,,,0,0,0,0,0.0,,,,,0,0,0,0,0,0,0,0,0,0,0,0,
Michael Verrips,21,Sheffield-United,Goalkeeper,Netherlands,23,0,0,0,0,,,,,,,,,,,,0,0,,,,,,,,,,,,,,,0,0,0,0,0.0,,,,,0,0,0,0,0,0,0,0,0,0,0,0,
Simon Moore,25,Sheffield-United,Goalkeeper,England,30,2,0,1,0,,,,,,,,,,,,0,6,,,,,,,,,,,,,,,0,1,0,44,22.0,,,,,10,5,0,0,0,0,0,4,11,0,0,0,
Aaron Ramsdale,1,Sheffield-United,Goalkeeper,England,22,39,9,23,0,,,,,,,,,,,,5,65,,,,,,,,,,,,,,,0,1,1,1000,25.64,,,,,220,132,1,17,21,6,13,188,312,0,0,0,
George Baldock,2,Sheffield-United,Defender,England,27,40,14,14,2,,0,2,0,,,,,,0,,13,42,64,69%,0,4,36,70,36,0,177,192,182,42,41,60,0,1,3,1178,29.45,3,136,27%,0,22,,,,,,,,,7,0,52,11
Enda Stevens,3,Sheffield-United,Defender,Ireland,30,47,16,17,2,,1,0,1,,,,,,0,,13,52,98,57%,0,7,48,96,35,0,253,228,219,67,39,38,0,2,4,1670,35.53,9,135,18%,2,82,,,,,,,,,8,0,46,2
Jack O'Connell,5,Sheffield-United,Defender,England,26,35,13,11,0,,0,0,0,,,,,,0,,12,31,26,58%,1,3,44,151,80,0,192,190,124,9,140,76,0,1,1,1634,46.69,6,52,21%,1,129,,,,,,,,,4,0,22,3
Chris Basham,6,Sheffield-United,Defender,England,32,61,20,24,1,,0,1,0,,,,,,0,,12,52,126,62%,0,0,93,215,117,0,246,324,191,30,129,77,0,1,3,1656,27.15,2,65,12%,0,97,,,,,,,,,5,0,39,5
John Egan,12,Sheffield-United,Defender,Ireland,27,38,14,13,2,,1,1,0,,,,,,0,,12,32,46,61%,1,14,58,168,79,0,181,204,133,1,138,80,0,1,0,1340,35.26,1,3,3%,0,114,,,,,,,,,4,2,37,1
Jack Robinson,19,Sheffield-United,Defender,England,27,9,2,3,0,,0,0,0,,,,,,0,,1,12,14,43%,0,0,10,28,7,0,37,35,21,3,14,10,0,0,0,291,32.33,0,7,14%,0,15,,,,,,,,,1,0,5,1
Kean Bryan,29,Sheffield-United,Defender,England,23,0,0,0,0,,0,0,0,,,,,,0,,0,0,0,0%,0,0,0,0,0,0,0,0,0,0,0,0,0,0,0,0,0.0,0,0,0%,0,0,,,,,,,,,0,0,0,0
Phil Jagielka,15,Sheffield-United,Defender,England,38,366,147,111,18,,10,8,0,,,,,,7,,107,405,703,76%,24,39,618,2974,1075,10,1626,1842,928,35,783,495,6,6,9,14775,40.37,8,131,30%,11,1830,,,,,,,,,23,2,159,3
Max Lowe,13,Sheffield-United,Defender,England,23,0,0,0,0,,0,0,0,,,,,,0,,0,0,0,0%,0,0,0,0,0,0,0,0,0,0,0,0,0,0,0,0,0.0,0,0,0%,0,0,,,,,,,,,0,0,0,0
Ethan Ampadu,22,Sheffield-United,Defender,Wales,20,2,1,1,0,,0,0,0,,,,,,0,,0,2,2,100%,0,0,0,9,6,0,1,4,3,1,1,3,0,0,0,28,14.0,0,0,0%,0,1,,,,,,,,,0,0,0,0
Jayden Bogle,20,Sheffield-United,Defender,England,20,0,0,0,0,,0,0,0,,,,,,0,,0,0,0,0%,0,0,0,0,0,0,0,0,0,0,0,0,0,0,0,0,0.0,0,0,0%,0,0,,,,,,,,,0,0,0,0
John Fleck,4,Sheffield-United,Midfielder,Scotland,29,32,10,13,5,0.16,0,1,4,0,0,32,11,34%,1,2,,,39,72%,,12,26,22,8,,177,120,136,46,14,28,,0,2,1047,32.72,5,158,23%,3,38,,,,,,,,,8,0,27,1
John Lundstram,7,Sheffield-United,Midfielder,England,26,36,12,13,5,0.14,0,4,1,0,0,44,11,25%,1,5,,,47,66%,,10,34,44,23,,165,105,148,19,26,36,,0,3,1247,34.64,8,75,15%,3,90,,,,,,,,,6,0,30,7
Oliver Norwood,16,Sheffield-United,Midfielder,Northern Ireland,29,39,14,13,1,0.03,0,1,0,1,0,17,6,35%,0,0,,,66,56%,,5,49,40,20,,280,136,135,9,45,30,,0,1,2062,52.87,6,205,27%,1,239,,,,,,,,,8,0,32,1
Ben Osborn,23,Sheffield-United,Midfielder,England,26,14,8,3,0,14.0,0,0,0,0,0,3,1,33%,0,0,,,15,67%,,1,6,6,2,,45,31,38,4,6,9,,0,0,244,17.43,1,18,22%,0,8,,,,,,,,,0,0,9,1
Sander Berge,8,Sheffield-United,Midfielder,Norway,22,16,6,7,1,0.06,0,1,0,0,0,7,2,29%,0,1,,,24,71%,,2,11,16,11,,62,85,53,16,38,18,,0,1,412,25.75,1,23,13%,0,14,,,,,,,,,0,0,19,1
Jack Rodwell,26,Sheffield-United,Midfielder,England,29,167,50,64,10,0.06,4,3,3,0,0,210,58,28%,2,13,,,212,78%,,63,113,227,79,,482,470,423,49,148,114,,2,4,3881,23.24,2,67,13%,11,271,,,,,,,,,26,1,135,7
Regan Slater,28,Sheffield-United,Midfielder,England,21,0,0,0,0,0.0,0,0,0,0,0,0,0,0%,0,0,,,0,0%,,0,0,0,0,,0,0,0,0,0,0,,0,0,0,0.0,0,0,0%,0,0,,,,,,,,,0,0,0,0
Oliver Burke,14,Sheffield-United,Midfielder,Scotland,23,16,0,13,0,16.0,0,0,0,0,0,4,0,4%,0,1,,,6,67%,,2,7,2,1,,15,34,51,13,8,16,,0,2,149,9.31,1,9,22%,1,3,,,,,,,,,0,0,5,0
Zak Brunt,42,Sheffield-United,Midfielder,England,18,0,0,0,0,0.0,0,0,0,0,0,0,0,0%,0,0,,,0,0%,,0,0,0,0,,0,0,0,0,0,0,,0,0,0,0.0,0,0,0%,0,0,,,,,,,,,0,0,0,0
Oliver McBurnie,9,Sheffield-United,Forward,Scotland,24,54,17,25,6,0.11,2,4,0,0,0,60,31,52%,0,10,,,45,,,8,17,45,40,,,,,,,,,,1,785,14.54,3,15,,,,,,,,,,,,5,0,35,5
Billy Sharp,10,Sheffield-United,Forward,England,34,28,7,13,3,0.11,1,1,1,0,0,17,7,41%,1,6,,,7,,,3,1,3,3,,,,,,,,,,2,233,8.32,5,13,,,,,,,,,,,,1,1,20,14
David McGoldrick,17,Sheffield-United,Forward,Ireland,32,30,10,10,2,0.07,0,1,1,0,0,47,20,43%,0,15,,,41,,,9,3,24,18,,,,,,,,,,2,636,21.2,4,10,,,,,,,,,,,,2,0,33,12
Lys Mousset,11,Sheffield-United,Forward,France,24,88,31,38,9,0.1,1,6,2,0,0,81,24,30%,1,11,,,25,,,25,8,17,10,,,,,,,,,,4,585,6.65,9,19,,,,,,,,,,,,3,0,48,21
Alex McCarthy,1,Southampton,Goalkeeper,England,30,96,26,43,0,,,,,,,,,,,,17,151,,,,,,,,,,,,,,,0,8,0,2325,24.22,,,,,628,314,1,59,90,24,28,310,786,3,0,1,
Angus Gunn,28,Southampton,Goalkeeper,England,24,22,6,10,0,,,,,,,,,,,,5,43,,,,,,,,,,,,,,,0,3,0,520,23.64,,,,,117,63,1,5,6,4,12,44,168,0,0,0,
Fraser Forster,44,Southampton,Goalkeeper,England,32,107,44,38,0,,,,,,,,,,,,37,119,,,,,,,,,,,,,,,0,7,0,2515,23.5,,,,,773,259,2,31,81,26,21,295,802,4,0,0,
Harry Lewis,41,Southampton,Goalkeeper,England,22,0,0,0,0,,,,,,,,,,,,0,0,,,,,,,,,,,,,,,0,0,0,0,0.0,,,,,0,0,0,0,0,0,0,0,0,0,0,0,
Jannik Vestergaard,4,Southampton,Defender,Denmark,28,43,14,20,1,,1,0,0,,,,,,1,,8,57,74,64%,0,5,62,273,155,0,208,280,150,14,169,82,0,1,0,1709,39.74,3,2,50%,3,98,,,,,,,,,5,0,27,1
Jack Stephens,5,Southampton,Defender,England,26,93,25,40,4,,2,1,1,,,,,,1,,21,136,123,63%,3,4,136,396,204,0,513,381,324,37,185,183,0,1,4,3850,41.4,3,20,10%,5,237,,,,,,,,,16,2,55,3
Ryan Bertrand,3,Southampton,Defender,England,31,231,83,95,7,,1,2,4,,,,,,3,,59,299,338,68%,1,34,331,396,185,4,897,987,897,104,322,317,0,0,15,8783,38.02,29,817,21%,9,309,,,,,,,,,31,2,211,10
Jake Vokins,29,Southampton,Defender,England,20,1,0,0,0,,0,0,0,,,,,,0,,0,1,2,100%,0,0,0,1,0,0,1,3,2,0,0,0,0,0,0,58,58.0,0,1,1%,0,3,,,,,,,,,0,0,0,0
Jan Bednarek,35,Southampton,Defender,Poland,24,66,22,29,2,,0,1,1,,,,,,0,,11,105,113,58%,2,3,154,390,186,2,327,351,239,4,217,125,1,3,2,2655,40.23,2,2,2%,3,140,,,,,,,,,12,0,58,0
Yan Valery,18,Southampton,Defender,France,21,34,11,15,2,,0,1,1,,,,,,0,,3,49,62,69%,0,2,35,86,29,0,121,176,202,38,62,71,0,3,1,621,18.26,2,66,14%,1,20,,,,,,,,,4,1,34,5
Kyle Walker-Peters,2,Southampton,Defender,England,23,24,13,6,0,,0,0,0,,,,,,0,,5,26,41,66%,1,2,28,36,16,0,116,137,101,37,17,37,0,0,6,925,38.54,5,38,21%,0,22,,,,,,,,,3,0,14,3
Mohammed Salisu,22,Southampton,Defender,Ghana,21,0,0,0,0,,0,0,0,,,,,,0,,0,0,0,0%,0,0,0,0,0,0,0,0,0,0,0,0,0,0,0,0,0.0,0,0,0%,0,0,,,,,,,,,0,0,0,0
Moussa Djenepo,12,Southampton,Midfielder,Mali,22,20,7,11,2,0.1,0,2,0,0,0,22,8,36%,1,3,,,28,75%,,4,10,9,3,,52,117,102,49,6,19,,0,2,266,13.3,3,21,19%,1,5,,,,,,,,,4,1,26,3
Oriol Romeu,6,Southampton,Midfielder,Spain,29,183,66,67,4,0.02,0,3,1,0,0,113,23,20%,1,3,,,471,69%,,38,328,254,104,,1118,1000,921,94,304,286,,0,0,7889,43.11,12,20,35%,9,434,,,,,,,,,49,0,253,5
James Ward-Prowse,8,Southampton,Midfielder,England,25,233,80,89,22,0.09,0,18,4,4,6,249,102,41%,5,15,,,262,64%,,71,188,249,134,,914,613,874,49,182,303,,0,22,6946,29.81,36,1110,26%,17,294,,,,,,,,,28,1,193,5
Stuart Armstrong,17,Southampton,Midfielder,Scotland,28,60,19,26,8,0.13,0,6,2,0,0,79,32,41%,0,4,,,61,64%,,23,23,34,13,,189,184,241,51,31,52,,0,5,1230,20.5,3,48,19%,2,34,,,,,,,,,6,0,47,7
Sofiane Boufal,19,Southampton,Midfielder,Morocco,27,70,12,35,3,0.04,0,1,2,0,0,73,20,27%,0,2,,,91,63%,,28,15,9,3,,212,371,410,187,23,37,,0,4,1328,18.97,9,101,16%,9,36,,,,,,,,,8,0,77,5
Nathan Redmond,11,Southampton,Midfielder,England,26,208,53,99,25,0.12,1,20,3,0,0,382,129,34%,14,15,,,253,64%,,108,113,74,22,,901,924,1114,415,69,187,,1,18,5788,27.83,37,525,23%,27,243,,,,,,,,,12,1,155,48
William Smallbone,20,Southampton,Midfielder,Ireland,20,11,5,3,0,11.0,0,0,0,0,0,6,0,6%,1,0,,,13,,,2,3,1,1,,,,,,,,,,2,248,22.55,0,9,,,,,,,,,,,,0,0,4,0
Nathan Tella,23,Southampton,Midfielder,England,21,2,1,1,0,2.0,0,0,0,0,0,2,1,50%,0,0,,,0,0%,,0,0,0,0,,0,7,1,1,1,1,,0,0,4,2.0,0,0,0%,0,0,,,,,,,,,0,0,0,0
Shane Long,7,Southampton,Forward,Ireland,33,322,110,143,55,0.17,14,28,12,1,0,403,161,40%,17,64,,,230,,,53,125,181,113,,,,,,,,,,23,4540,14.1,25,307,,,,,,,,,,,,28,0,395,186
Danny Ings,9,Southampton,Forward,England,28,113,32,47,45,0.4,7,24,13,6,0,268,108,40%,10,26,,,106,,,65,37,45,26,,,,,,,,,,9,1938,17.15,14,94,,,,,,,,,,,,11,0,91,43
Che Adams,10,Southampton,Forward,England,24,32,13,14,4,0.12,0,4,0,0,0,41,13,32%,1,11,,,6,,,15,2,9,3,,,,,,,,,,2,282,8.81,5,13,,,,,,,,,,,,1,0,20,11
Michael Obafemi,14,Southampton,Forward,Ireland,20,28,10,12,4,0.14,0,3,1,0,0,20,8,40%,0,4,,,8,,,7,7,0,0,,,,,,,,,,3,156,5.57,3,3,,,,,,,,,,,,2,0,13,4
Hugo Lloris,1,Tottenham-Hotspur,Goalkeeper,France,33,262,153,56,0,,,,,,,,,,,,92,277,,,,,,,,,,,,,,,0,18,0,6702,25.58,,,,,1543,703,5,177,210,96,257,1234,1888,3,0,3,
Paulo Gazzaniga,22,Tottenham-Hotspur,Goalkeeper,Argentina,28,43,13,20,0,,,,,,,,,,,,6,61,,,,,,,,,,,,,,,0,7,0,982,22.84,,,,,221,127,1,18,36,17,31,162,359,1,0,1,
Joe Hart,12,Tottenham-Hotspur,Goalkeeper,England,33,340,169,97,0,,,,,,,,,,,,127,383,,,,,,,,,,,,,,,0,20,1,6733,19.8,,,,,1800,941,7,269,391,249,180,1516,2806,7,0,6,
Alfie Whiteman,41,Tottenham-Hotspur,Goalkeeper,England,21,0,0,0,0,,,,,,,,,,,,0,0,,,,,,,,,,,,,,,0,0,0,0,0.0,,,,,0,0,0,0,0,0,0,0,0,0,0,0,
Brandon Austin,40,Tottenham-Hotspur,Goalkeeper,England,21,0,0,0,0,,,,,,,,,,,,0,0,,,,,,,,,,,,,,,0,0,0,0,0.0,,,,,0,0,0,0,0,0,0,0,0,0,0,0,
Toby Alderweireld,4,Tottenham-Hotspur,Defender,Belgium,31,176,98,42,8,,5,2,1,,,,,,3,,60,158,226,74%,2,27,183,976,462,4,824,556,442,26,282,266,2,1,4,10036,57.02,5,57,28%,22,1081,,,,,,,,,20,0,68,3
Davinson Sánchez,6,Tottenham-Hotspur,Defender,Colombia,24,84,46,21,1,,1,0,0,,,,,,0,,23,81,122,59%,3,5,102,384,193,0,430,379,305,18,199,159,1,1,1,4901,58.35,1,5,20%,0,249,,,,,,,,,9,1,73,1
Juan Foyth,21,Tottenham-Hotspur,Defender,Argentina,22,16,8,5,1,,1,0,0,,,,,,0,,3,14,38,53%,1,0,11,50,28,0,62,96,59,21,28,20,0,2,0,642,40.12,2,2,2%,1,23,,,,,,,,,4,1,18,0
Serge Aurier,24,Tottenham-Hotspur,Defender,Cote D'Ivoire,27,58,32,13,3,,1,1,1,,,,,,0,,12,53,162,67%,1,10,85,149,93,0,285,394,328,62,130,108,1,1,9,2326,40.1,11,229,14%,1,64,,,,,,,,,4,2,79,9
Ben Davies,33,Tottenham-Hotspur,Defender,Wales,27,201,96,59,6,,0,1,5,,,,,,2,,51,203,390,69%,2,32,263,625,310,1,689,957,842,79,343,346,0,0,15,8593,42.75,20,587,22%,5,327,,,,,,,,,26,0,162,4
Japhet Tanganga,25,Tottenham-Hotspur,Defender,England,21,6,1,3,0,,0,0,0,,,,,,0,,2,7,17,53%,0,1,11,29,21,1,27,45,32,6,18,11,0,1,0,201,33.5,0,2,2%,0,6,,,,,,,,,1,0,8,0
Matt Doherty,2,Tottenham-Hotspur,Defender,Ireland,28,77,32,22,8,,3,1,4,,,,,,2,,19,75,128,59%,1,16,103,137,96,1,333,508,388,50,288,205,1,0,8,2970,38.57,11,108,19%,4,103,,,,,,,,,7,0,63,6
Dennis Cirkin,49,Tottenham-Hotspur,Defender,England,18,0,0,0,0,,0,0,0,,,,,,0,,0,0,0,0%,0,0,0,0,0,0,0,0,0,0,0,0,0,0,0,0,0.0,0,0,0%,0,0,,,,,,,,,0,0,0,0
Cameron Carter-Vickers,,Tottenham-Hotspur,Defender,United States,22,0,0,0,0,,0,0,0,,,,,,0,,0,0,0,0%,0,0,0,0,0,0,0,0,0,0,0,0,0,0,0,0,0.0,0,0,0%,0,0,,,,,,,,,0,0,0,0
Sergio Reguilón,3,Tottenham-Hotspur,Defender,Spain,23,0,0,0,0,,0,0,0,,,,,,0,,0,0,0,0%,0,0,0,0,0,0,0,0,0,0,0,0,0,0,0,0,0.0,0,0,0%,0,0,,,,,,,,,0,0,0,0
Harry Winks,8,Tottenham-Hotspur,Midfielder,England,24,96,58,23,2,0.02,1,1,0,0,0,32,6,19%,1,1,,,88,65%,,8,73,64,24,,394,230,237,51,33,33,,0,2,4198,43.73,3,54,17%,11,199,,,,,,,,,14,0,59,2
Erik Lamela,11,Tottenham-Hotspur,Midfielder,Argentina,28,155,81,36,16,0.1,2,1,12,0,0,203,69,34%,8,16,,,247,74%,,72,103,32,17,,546,633,869,192,38,124,,0,23,4019,25.93,28,374,27%,36,90,,,,,,,,,26,0,213,28
Eric Dier,15,Tottenham-Hotspur,Midfielder,England,26,176,102,36,10,0.06,4,5,1,0,0,114,27,24%,2,6,,,286,73%,,32,257,530,316,,729,822,703,53,418,305,,6,8,9661,54.89,11,121,18%,16,648,,,,,,,,,33,0,164,6
Moussa Sissoko,17,Tottenham-Hotspur,Midfielder,France,31,235,110,83,14,0.06,1,12,1,0,0,216,69,32%,3,18,,,280,78%,,54,163,176,104,,1273,1069,1390,386,240,332,,1,24,8466,36.03,34,459,22%,60,257,,,,,,,,,36,2,276,24
Ryan Sessegnon,19,Tottenham-Hotspur,Midfielder,England,20,41,10,25,2,0.05,0,1,1,0,0,29,11,38%,1,9,,,29,62%,,6,22,48,19,,156,113,177,36,24,45,,0,6,846,20.63,6,79,18%,5,18,,,,,,,,,0,0,24,17
Dele Alli,20,Tottenham-Hotspur,Midfielder,England,24,157,90,34,50,0.32,9,31,10,2,0,319,128,40%,7,37,,,237,65%,,82,127,99,57,,750,817,1078,183,121,184,,1,33,5517,35.14,44,76,12%,67,167,,,,,,,,,24,0,178,31
Tanguy Ndombele,28,Tottenham-Hotspur,Midfielder,France,23,23,6,10,2,0.09,0,1,1,0,0,9,4,44%,0,0,,,24,67%,,3,14,8,3,,83,102,72,40,8,9,,0,2,672,29.22,1,13,15%,4,19,,,,,,,,,4,0,15,0
Gedson Fernandes,30,Tottenham-Hotspur,Midfielder,Portugal,21,7,3,1,0,7.0,0,0,0,0,0,1,0,1%,0,0,,,2,2%,,1,1,0,0,,7,6,9,2,0,1,,0,0,39,5.57,0,7,29%,0,0,,,,,,,,,0,0,0,0
Pierre-Emile Højbjerg,5,Tottenham-Hotspur,Midfielder,Denmark,25,111,34,49,4,0.04,0,3,1,0,0,143,40,28%,4,8,,,245,65%,,34,177,131,68,,939,639,605,100,153,115,,2,4,5860,52.79,4,89,31%,20,315,,,,,,,,,21,2,149,2
Harvey White,48,Tottenham-Hotspur,Midfielder,England,19,0,0,0,0,0.0,0,0,0,0,0,0,0,0%,0,0,,,0,0%,,0,0,0,0,,0,0,0,0,0,0,,0,0,0,0.0,0,0,0%,0,0,,,,,,,,,0,0,0,0
Giovani Lo Celso,18,Tottenham-Hotspur,Midfielder,Argentina,24,29,11,8,0,29.0,0,0,0,0,0,19,3,16%,0,1,,,51,57%,,7,9,17,8,,124,140,151,33,9,22,,0,2,995,34.31,1,57,21%,8,44,,,,,,,,,7,0,30,0
Lucas Moura,27,Tottenham-Hotspur,Forward,Brazil,28,75,38,26,14,0.19,2,10,2,0,0,108,37,34%,1,17,,,95,,,29,42,51,40,,,,,,,,,,5,1653,22.04,7,43,,,,,,,,,,,,6,0,62,20
Jack Clarke,47,Tottenham-Hotspur,Forward,England,19,0,0,0,0,0.0,0,0,0,0,0,0,0,0%,0,0,,,0,,,0,0,0,0,,,,,,,,,,0,0,0.0,0,0,,,,,,,,,,,,0,0,0,0
Son Heung-Min,7,Tottenham-Hotspur,Forward,South Korea,28,162,95,36,57,0.35,3,31,23,0,0,354,151,43%,11,27,,,110,,,96,57,43,18,,,,,,,,,,29,3731,23.03,32,242,,,,,,,,,,,,4,2,65,99
Harry Kane,10,Tottenham-Hotspur,Forward,England,27,212,120,48,144,0.68,22,88,33,20,1,783,354,45%,22,85,,,139,,,190,59,147,111,,,,,,,,,,24,4408,20.79,38,178,,,,,,,,,,,,26,0,208,160
Steven Bergwijn,23,Tottenham-Hotspur,Forward,Netherlands,22,16,8,4,3,0.19,0,3,0,0,0,9,4,44%,0,0,,,10,,,3,1,5,1,,,,,,,,,,1,265,16.56,1,10,,,,,,,,,,,,2,0,9,0
Gareth Bale,9,Tottenham-Hotspur,Forward,Wales,31,146,62,41,42,0.29,4,5,32,0,3,435,161,37%,16,21,,,220,,,113,240,295,77,,,,,,,,,,20,4663,31.94,32,1021,,,,,,,,,,,,15,1,86,30
Sam Johnstone,1,West-Bromwich-Albion,Goalkeeper,England,27,2,0,2,0,,,,,,,,,,,,0,8,,,,,,,,,,,,,,,0,0,0,51,25.5,,,,,16,6,0,0,0,0,0,11,14,0,0,0,
David Button,25,West-Bromwich-Albion,Goalkeeper,England,31,4,1,2,0,,,,,,,,,,,,1,5,,,,,,,,,,,,,,,0,0,0,99,24.75,,,,,27,14,0,2,2,1,1,9,34,0,0,0,
Jonathan Bond,23,West-Bromwich-Albion,Goalkeeper,England,27,0,0,0,0,,,,,,,,,,,,0,0,,,,,,,,,,,,,,,0,0,0,0,0.0,,,,,0,0,0,0,0,0,0,0,0,0,0,0,
Darnell Furlong,2,West-Bromwich-Albion,Defender,England,24,5,0,5,0,,0,0,0,,,,,,0,,0,13,3,100%,0,1,9,12,7,0,11,27,23,3,15,9,0,0,0,117,23.4,0,12,25%,0,8,,,,,,,,,1,0,5,1
Kieran Gibbs,3,West-Bromwich-Albion,Defender,England,30,172,88,40,2,,0,0,2,,,,,,1,,35,154,332,68%,3,20,307,496,243,3,715,757,640,127,239,260,1,1,9,6012,34.95,13,429,19%,11,162,,,,,,,,,17,2,112,13
Kyle Bartley,5,West-Bromwich-Albion,Defender,England,29,23,6,11,0,,0,0,0,,,,,,0,,1,35,32,72%,1,2,26,115,63,1,59,95,50,5,46,22,0,1,0,776,33.74,0,3,3%,0,44,,,,,,,,,6,0,22,2
Semi Ajayi,6,West-Bromwich-Albion,Defender,Nigeria,26,2,0,2,0,,0,0,0,,,,,,0,,0,8,0,0%,0,0,2,3,2,0,9,1,7,0,1,0,0,0,0,54,27.0,0,0,0%,0,5,,,,,,,,,1,0,2,0
Conor Townsend,14,West-Bromwich-Albion,Defender,England,27,0,0,0,0,,0,0,0,,,,,,0,,0,0,0,0%,0,0,0,0,0,0,0,0,0,0,0,0,0,0,0,0,0.0,0,0,0%,0,0,,,,,,,,,0,0,0,0
Ahmed Hegazi,26,West-Bromwich-Albion,Defender,Egypt,29,38,6,19,2,,2,0,0,,,,,,0,,10,55,58,66%,0,0,60,270,152,1,183,192,145,22,103,84,0,1,0,1186,31.21,0,10,30%,1,135,,,,,,,,,4,0,24,2
Dara O'Shea,27,West-Bromwich-Albion,Defender,Ireland,21,2,0,2,0,,0,0,0,,,,,,0,,0,8,8,38%,0,0,1,6,5,0,11,12,7,0,3,3,0,0,0,79,39.5,0,0,0%,0,13,,,,,,,,,0,0,2,0
Cédric Kipré,24,West-Bromwich-Albion,Defender,Cote D'Ivoire,23,0,0,0,0,,0,0,0,,,,,,0,,0,0,0,0%,0,0,0,0,0,0,0,0,0,0,0,0,0,0,0,0,0.0,0,0,0%,0,0,,,,,,,,,0,0,0,0
Lee Peltier,22,West-Bromwich-Albion,Defender,England,33,20,7,12,0,,0,0,0,,,,,,0,,5,26,39,64%,0,0,18,53,29,1,70,78,54,3,30,26,0,0,0,342,17.1,0,6,50%,0,21,,,,,,,,,4,0,15,0
Branislav Ivanovic,20,West-Bromwich-Albion,Defender,Serbia,36,261,152,50,22,,7,13,2,,,,,,8,,86,236,528,81%,6,40,393,1137,533,5,1154,1427,915,106,587,325,0,2,20,9871,37.82,20,520,20%,12,660,,,,,,,,,55,2,293,18
Jake Livermore,8,West-Bromwich-Albion,Midfielder,England,30,180,52,87,7,0.04,0,6,1,0,0,129,32,25%,7,1,,,363,70%,,41,227,164,62,,903,633,665,81,108,140,,0,9,6813,37.85,11,56,18%,20,482,,,,,,,,,30,1,199,3
Matt Phillips,10,West-Bromwich-Albion,Midfielder,Scotland,29,110,28,55,10,0.09,2,6,2,0,0,150,39,26%,2,8,,,100,65%,,40,70,83,32,,408,435,648,175,114,171,,0,22,1831,16.65,23,536,23%,9,60,,,,,,,,,6,0,57,20
Kamil Grosicki,13,West-Bromwich-Albion,Midfielder,Poland,32,15,4,7,0,15.0,0,0,0,0,0,24,7,29%,1,1,,,4,100%,,4,8,6,3,,36,21,59,13,1,11,,0,4,251,16.73,5,84,20%,0,1,,,,,,,,,1,0,12,6
Rekeem Harper,16,West-Bromwich-Albion,Midfielder,England,20,2,1,1,0,2.0,0,0,0,0,0,0,0,0%,0,0,,,1,100%,,0,1,0,0,,2,2,2,1,0,0,,0,0,18,9.0,0,0,0%,0,2,,,,,,,,,0,0,1,0
Romaine Sawyers,19,West-Bromwich-Albion,Midfielder,Saint Kitts And Nevis,28,2,0,2,0,2.0,0,0,0,0,0,0,0,0%,0,0,,,2,2%,,0,2,1,1,,9,6,9,0,2,0,,0,0,63,31.5,0,0,0%,0,3,,,,,,,,,0,0,1,0
Sam Field,28,West-Bromwich-Albion,Midfielder,England,22,20,5,9,1,0.05,0,0,1,0,0,6,1,17%,0,0,,,21,86%,,4,15,9,7,,56,47,55,4,12,14,,0,0,275,13.75,0,15,20%,0,17,,,,,,,,,5,0,16,0
Kyle Edwards,21,West-Bromwich-Albion,Midfielder,England,22,2,0,2,0,2.0,0,0,0,0,0,1,0,1%,0,0,,,2,,,1,0,0,0,,,,,,,,,,0,11,5.5,0,0,,,,,,,,,,,,0,0,0,0
Grady Diangana,11,West-Bromwich-Albion,Midfielder,England,22,19,7,10,1,0.05,0,0,1,0,0,13,5,38%,0,0,,,23,48%,,3,4,5,3,,49,72,85,25,9,22,,0,1,298,15.68,3,14,29%,0,4,,,,,,,,,0,0,4,2
Conor Gallagher,18,West-Bromwich-Albion,Midfielder,England,20,0,0,0,0,0.0,0,0,0,0,0,0,0,0%,0,0,,,0,0%,,0,0,0,0,,0,0,0,0,0,0,,0,0,0,0.0,0,0,0%,0,0,,,,,,,,,0,0,0,0
Hal Robson-Kanu,4,West-Bromwich-Albion,Forward,Wales,31,76,16,39,12,0.16,3,2,7,1,0,73,28,38%,2,5,,,21,,,17,29,34,20,,,,,,,,,,3,682,8.97,2,101,,,,,,,,,,,,5,1,76,13
Kenneth Zohore,9,West-Bromwich-Albion,Forward,Denmark,26,19,4,13,1,0.05,0,0,1,0,0,17,8,47%,0,2,,,3,,,4,2,5,5,,,,,,,,,,1,136,7.16,1,7,,,,,,,,,,,,1,0,13,4
Matheus Pereira,12,West-Bromwich-Albion,Forward,Brazil,24,2,0,2,1,0.5,0,0,1,0,1,4,2,50%,0,0,,,1,,,1,3,2,1,,,,,,,,,,1,56,28.0,0,5,,,,,,,,,,,,0,0,3,0
Charlie Austin,15,West-Bromwich-Albion,Forward,England,31,106,25,55,34,0.32,11,20,3,6,0,255,106,42%,6,34,,,62,,,78,17,84,52,,,,,,,,,,8,1500,14.15,7,54,,,,,,,,,,,,8,1,83,68
Callum Robinson,7,West-Bromwich-Albion,Forward,Ireland,25,22,3,10,1,0.05,0,1,0,0,0,14,5,36%,0,1,,,7,,,3,7,3,3,,,,,,,,,,1,190,8.64,2,22,,,,,,,,,,,,1,0,13,5
Jamie Soule,32,West-Bromwich-Albion,Forward,England,19,0,0,0,0,0.0,0,0,0,0,0,0,0,0%,0,0,,,0,,,0,0,0,0,,,,,,,,,,0,0,0.0,0,0,,,,,,,,,,,,0,0,0,0
Lukasz Fabianski,1,West-Ham-United,Goalkeeper,Poland,35,246,91,104,0,,,,,,,,,,,,63,349,,,,,,,,,,,,,,,0,17,2,6328,25.72,,,,,1895,807,6,155,357,101,123,1260,2016,4,1,6,
David Martin,25,West-Ham-United,Goalkeeper,England,34,5,2,3,0,,,,,,,,,,,,2,6,,,,,,,,,,,,,,,0,1,0,111,22.2,,,,,40,15,0,1,1,0,0,12,44,1,0,0,
Darren Randolph,35,West-Ham-United,Goalkeeper,Ireland,33,31,10,14,0,,,,,,,,,,,,6,58,,,,,,,,,,,,,,,0,5,0,839,27.06,,,,,309,85,1,6,33,8,15,97,262,1,0,0,
Nathan Trott,34,West-Ham-United,Goalkeeper,England,21,0,0,0,0,,,,,,,,,,,,0,0,,,,,,,,,,,,,,,0,0,0,0,0.0,,,,,0,0,0,0,0,0,0,0,0,0,0,0,
Aaron Cresswell,3,West-Ham-United,Defender,England,30,190,61,75,8,,0,1,7,,,,,,5,,40,273,212,62%,1,28,230,515,256,5,855,645,584,60,260,208,0,6,18,6957,36.62,27,752,21%,6,506,,,,,,,,,23,1,88,18
Fabián Balbuena,4,West-Ham-United,Defender,Paraguay,29,40,15,19,2,,0,2,0,,,,,,1,,8,56,57,56%,1,5,79,243,125,0,167,188,165,3,124,99,0,2,0,1335,33.38,1,2,2%,2,86,,,,,,,,,4,0,25,0
Gonçalo Cardoso,29,West-Ham-United,Defender,Portugal,19,0,0,0,0,,0,0,0,,,,,,0,,0,0,0,0%,0,0,0,0,0,0,0,0,0,0,0,0,0,0,0,0,0.0,0,0,0%,0,0,,,,,,,,,0,0,0,0
Angelo Ogbonna,21,West-Ham-United,Defender,Italy,32,137,47,53,4,,2,0,1,,,,,,1,,28,207,171,68%,1,10,208,689,367,0,585,626,377,27,373,227,1,2,1,4633,33.82,2,9,56%,3,342,,,,,,,,,16,0,88,1
Issa Diop,23,West-Ham-United,Defender,France,23,67,23,29,4,,3,1,0,,,,,,0,,11,101,97,56%,1,2,114,326,157,0,330,291,176,11,157,90,1,2,1,2212,33.01,3,1,1%,0,107,,,,,,,,,12,0,49,4
Ryan Fredericks,24,West-Ham-United,Defender,England,27,44,13,22,1,,0,1,0,,,,,,0,,9,59,122,66%,1,4,41,109,54,2,170,234,169,23,59,52,0,1,4,1358,30.86,5,89,25%,0,47,,,,,,,,,14,0,38,2
Arthur Masuaku,26,West-Ham-United,Defender,The Democratic Republic Of Congo,26,81,26,33,0,,0,0,0,,,,,,0,,12,102,196,59%,0,5,102,140,69,0,458,506,419,180,74,70,0,0,6,2578,31.83,7,197,16%,4,128,,,,,,,,,12,1,72,2
Ben Johnson,31,West-Ham-United,Defender,England,20,4,1,1,0,4.0,0,0,0,0,0,1,0,1%,0,0,,,9,44%,,0,4,13,3,,13,18,20,1,7,5,,0,0,135,33.75,0,11,18%,0,6,,,,,,,,,0,0,8,0
Ajibola Alese,42,West-Ham-United,Defender,England,19,0,0,0,0,,0,0,0,,,,,,0,,0,0,0,0%,0,0,0,0,0,0,0,0,0,0,0,0,0,0,0,0,0.0,0,0,0%,0,0,,,,,,,,,0,0,0,0
Harrison Ashby,50,West-Ham-United,Defender,Scotland,18,0,0,0,0,,0,0,0,,,,,,0,,0,0,0,0%,0,0,0,0,0,0,0,0,0,0,0,0,0,0,0,0,0.0,0,0,0%,0,0,,,,,,,,,0,0,0,0
Felipe Anderson,8,West-Ham-United,Midfielder,Brazil,27,63,20,32,10,0.16,0,7,3,0,0,81,33,41%,3,5,,,136,60%,,25,63,22,8,,339,366,387,139,16,45,,0,8,2567,40.75,14,155,28%,27,127,,,,,,,,,4,0,44,7
Manuel Lanzini,10,West-Ham-United,Midfielder,Argentina,27,122,39,49,20,0.16,1,15,4,2,1,195,61,31%,2,11,,,123,67%,,56,118,30,7,,682,533,513,256,20,61,,1,13,5096,41.77,18,257,25%,24,136,,,,,,,,,19,0,50,20
Robert Snodgrass,11,West-Ham-United,Midfielder,Scotland,33,160,43,78,26,0.16,2,1,23,2,6,250,88,35%,7,16,,,265,72%,,78,106,105,36,,623,864,1119,154,158,271,,0,23,4715,29.47,35,1090,27%,36,135,,,,,,,,,30,0,199,27
Mark Noble,16,West-Ham-United,Midfielder,England,33,383,130,158,46,0.12,0,44,2,27,2,332,114,34%,7,3,,,860,70%,,91,566,264,71,,2330,1607,1534,243,99,131,,3,35,17862,46.64,35,958,32%,105,1484,,,,,,,,,81,5,380,27
Pablo Fornals,18,West-Ham-United,Midfielder,Spain,24,38,10,19,2,0.05,0,2,0,0,0,37,11,30%,1,2,,,47,60%,,10,26,8,3,,160,92,158,17,10,49,,0,5,893,23.5,4,63,16%,6,41,,,,,,,,,3,0,19,7
Jack Wilshere,19,West-Ham-United,Midfielder,England,28,182,87,52,8,0.04,1,2,5,0,0,140,50,36%,10,12,,,217,74%,,43,153,53,12,,915,926,793,339,59,60,,1,18,7494,41.18,32,239,18%,156,364,,,,,,,,,36,2,169,10
Declan Rice,41,West-Ham-United,Midfielder,England,21,101,33,44,3,0.03,1,2,0,0,0,59,14,24%,3,3,,,254,57%,,15,160,180,83,,681,489,362,79,141,115,,1,3,3942,39.03,2,39,31%,4,275,,,,,,,,,11,0,64,3
Josh Cullen,33,West-Ham-United,Midfielder,Ireland,24,3,2,0,0,3.0,0,0,0,0,0,0,0,0%,0,0,,,0,0%,,0,2,1,0,,1,0,1,0,0,0,,0,0,4,1.33,0,0,0%,0,0,,,,,,,,,0,0,0,0
Conor Coventry,54,West-Ham-United,Midfielder,Ireland,20,0,0,0,0,0.0,0,0,0,0,0,0,0,0%,0,0,,,0,0%,,0,0,0,0,,0,0,0,0,0,0,,0,0,0,0.0,0,0,0%,0,0,,,,,,,,,0,0,0,0
Michail Antonio,30,West-Ham-United,Forward,England,30,135,46,56,37,0.27,18,15,5,1,0,307,117,38%,13,35,,,120,71%,,72,126,123,57,,479,926,1066,297,316,413,,2,14,2689,19.92,21,322,21%,17,117,,,,,,,,,14,1,153,60
Andriy Yarmolenko,7,West-Ham-United,Forward,Ukraine,30,34,10,16,7,0.21,0,0,7,0,0,38,17,45%,1,3,,,18,,,8,8,7,3,,,,,,,,,,1,626,18.41,7,35,,,,,,,,,,,,5,0,25,9
Jarrod Bowen,20,West-Ham-United,Forward,England,23,22,4,15,1,0.05,0,0,1,0,0,32,7,22%,2,3,,,24,,,14,19,4,1,,,,,,,,,,4,328,14.91,4,71,,,,,,,,,,,,0,0,8,1
Sébastien Haller,22,West-Ham-United,Forward,France,26,34,9,18,7,0.21,0,5,2,0,0,58,28,48%,0,6,,,22,,,10,8,26,22,,,,,,,,,,1,779,22.91,2,8,,,,,,,,,,,,1,0,49,19
Xande Silva,32,West-Ham-United,Forward,Portugal,23,1,0,1,0,1.0,0,0,0,0,0,2,0,2%,0,0,,,0,,,2,0,0,0,,,,,,,,,,0,4,4.0,0,0,,,,,,,,,,,,0,0,0,0
Emmanuel Longelo,56,West-Ham-United,Forward,England,19,0,0,0,0,0.0,0,0,0,0,0,0,0,0%,0,0,,,0,,,0,0,0,0,,,,,,,,,,0,0,0.0,0,0,,,,,,,,,,,,0,0,0,0
Rui Patrício,11,Wolverhampton-Wanderers,Goalkeeper,Portugal,32,77,31,23,0,,,,,,,,,,,,21,89,,,,,,,,,,,,,,,0,3,0,1530,19.87,,,,,550,195,2,13,32,17,5,244,581,0,0,0,
John Ruddy,21,Wolverhampton-Wanderers,Goalkeeper,England,33,119,33,54,0,,,,,,,,,,,,25,190,,,,,,,,,,,,,,,0,12,0,2580,21.68,,,,,736,389,2,51,175,76,69,484,1098,3,1,1,
Willy Boly,15,Wolverhampton-Wanderers,Defender,France,29,60,24,18,4,,3,0,0,,,,,,0,,20,59,147,61%,1,6,116,285,176,0,336,425,214,22,234,95,0,0,1,2779,46.32,5,2,2%,2,129,,,,,,,,,3,2,55,4
Conor Coady,16,Wolverhampton-Wanderers,Defender,England,27,79,33,23,0,,0,0,0,,,,,,0,,23,89,71,63%,3,0,62,251,128,2,504,160,116,7,68,50,3,2,0,3617,45.78,2,0,0%,7,545,,,,,,,,,10,0,28,0
Jonny,19,Wolverhampton-Wanderers,Defender,Spain,26,68,27,19,3,,0,3,0,,,,,,1,,14,74,170,58%,0,18,113,82,35,0,329,367,382,62,74,102,0,2,3,2162,31.79,3,100,18%,2,53,,,,,,,,,10,0,57,7
Rúben Vinagre,29,Wolverhampton-Wanderers,Defender,Portugal,21,34,14,10,0,,0,0,0,,,,,,0,,2,18,40,60%,0,2,26,31,14,0,102,107,116,35,16,28,0,0,0,556,16.35,3,83,19%,1,14,,,,,,,,,2,0,19,1
Maximilian Kilman,49,Wolverhampton-Wanderers,Defender,England,23,4,2,1,0,,0,0,0,,,,,,0,,0,2,4,50%,0,0,4,7,3,0,9,17,11,1,12,10,0,0,0,101,25.25,0,0,0%,0,2,,,,,,,,,0,0,2,0
Oskar Buur,59,Wolverhampton-Wanderers,Defender,Denmark,22,1,1,0,0,,0,0,0,,,,,,0,,0,0,0,0%,0,0,0,0,0,0,0,1,3,0,1,0,0,0,0,14,14.0,0,0,0%,0,0,,,,,,,,,0,0,0,0
Marçal,5,Wolverhampton-Wanderers,Defender,Brazil,31,2,1,1,0,,0,0,0,,,,,,0,,1,0,2,50%,0,0,2,3,2,0,4,11,5,2,6,3,0,0,0,37,18.5,0,1,1%,0,2,,,,,,,,,1,0,1,0
Ki-Jana Hoever,2,Wolverhampton-Wanderers,Defender,Netherlands,18,0,0,0,0,,0,0,0,,,,,,0,,0,0,0,0%,0,0,0,0,0,0,0,0,0,0,0,0,0,0,0,0,0.0,0,0,0%,0,0,,,,,,,,,0,0,0,0
Rúben Neves,8,Wolverhampton-Wanderers,Midfielder,Portugal,23,75,30,23,6,0.08,0,6,0,2,2,137,26,19%,2,0,,,139,47%,,55,131,77,30,,601,263,290,33,60,62,,0,5,4024,53.65,7,61,21%,19,440,,,,,,,,,17,0,66,0
Daniel Podence,10,Wolverhampton-Wanderers,Midfielder,Portugal,24,11,5,2,1,0.09,1,0,0,0,0,12,3,25%,0,0,,,7,57%,,4,2,1,0,,17,28,30,10,0,11,,0,2,143,13.0,4,9,44%,2,6,,,,,,,,,0,0,6,3
Romain Saïss,27,Wolverhampton-Wanderers,Midfielder,Morocco,30,54,24,16,5,0.09,3,1,1,0,0,38,15,39%,1,6,,,97,68%,,6,87,187,101,,276,326,225,13,186,106,,0,1,2453,45.43,4,18,17%,1,208,,,,,,,,,17,1,72,2
João Moutinho,28,Wolverhampton-Wanderers,Midfielder,Portugal,34,78,32,23,2,0.03,0,1,1,0,1,40,9,23%,1,0,,,210,52%,,10,91,59,20,,530,340,405,28,43,70,,0,14,3778,48.44,16,422,31%,10,281,,,,,,,,,11,0,95,3
Leander Dendoncker,32,Wolverhampton-Wanderers,Midfielder,Belgium,25,59,26,15,6,0.1,1,3,2,0,0,37,15,41%,2,8,,,124,47%,,6,61,92,61,,246,328,271,28,158,138,,1,0,1966,33.32,2,16,31%,0,81,,,,,,,,,6,0,43,1
Vitinha,20,Wolverhampton-Wanderers,Midfielder,Portugal,20,1,1,0,0,1.0,0,0,0,0,0,0,0,0%,0,0,,,0,0%,,0,0,0,0,,1,1,0,1,0,0,,0,0,5,5.0,0,0,0%,0,0,,,,,,,,,0,0,0,0
Meritan Shabani,57,Wolverhampton-Wanderers,Midfielder,Germany,21,0,0,0,0,0.0,0,0,0,0,0,0,0,0%,0,0,,,0,0%,,0,0,0,0,,0,0,0,0,0,0,,0,0,0,0.0,0,0,0%,0,0,,,,,,,,,0,0,0,0
Pedro Neto,7,Wolverhampton-Wanderers,Forward,Portugal,20,31,14,7,3,0.1,0,1,2,0,0,19,6,32%,0,3,,,11,,,7,9,3,0,,,,,,,,,,4,399,12.87,5,52,,,,,,,,,,,,3,0,16,5
Raúl Jiménez,9,Wolverhampton-Wanderers,Forward,Mexico,29,78,32,23,32,0.41,9,19,4,6,0,237,82,35%,7,20,,,51,,,53,43,75,57,,,,,,,,,,13,2108,27.03,26,57,,,,,,,,,,,,7,0,81,52
Adama Traoré,37,Wolverhampton-Wanderers,Forward,Spain,24,105,27,47,5,0.05,0,5,0,0,0,78,21,27%,2,6,,,86,,,26,27,26,13,,,,,,,,,,12,1434,13.66,13,327,,,,,,,,,,,,4,0,80,13
Fábio Silva,17,Wolverhampton-Wanderers,Forward,Portugal,18,1,0,1,0,1.0,0,0,0,0,0,0,0,0%,0,0,,,0,,,0,0,0,0,,,,,,,,,,0,1,1.0,0,0,,,,,,,,,,,,0,0,0,0
Leonardo Campana,30,Wolverhampton-Wanderers,Forward,Ecuador,20,0,0,0,0,0.0,0,0,0,0,0,0,0,0%,0,0,,,0,,,0,0,0,0,,,,,,,,,,0,0,0.0,0,0,,,,,,,,,,,,0,0,0,0
